,synthetic_question,article_ids
0,Je travaille dans le secteur financier en Belgique. Les entreprises d'investissement visées dans la loi du 25 octobre 2016 doivent-elles respecter le présent chapitre de la loi en question ?,20015
1,Nous sommes en Belgique et nous voulons utiliser le service de médiation pour le consommateur pour résoudre un litige. Est-ce que le Service de médiation pour le consommateur est compétent pour traiter les litiges de consommation entre un consommateur et une entreprise belge?,5729
2,Je suis citoyen belge ayant un litige de consommation. Puis-je contacter le Service de médiation pour le consommateur gratuitement pour régler mon litige ?,11664
3,J'ai une entreprise qui vend des produits de consommation en France. Dois-je participer au règlement extrajudiciaire des litiges de consommation proposé par le Service de médiation pour le consommateur ?,8641
4,Vous avez un différend de consommation avec une entreprise en Belgique. Le Service de médiation pour le consommateur peut-il traiter gratuitement votre demande de règlement extrajudiciaire de litige de consommation ?,18739
5,"J'ai signé un bail pour un logement situé à Bruxelles-Capitale. Est-ce que l'acquéreur doit m'avertir s'il souhaite expulser le locataire en cas de vente, selon l'article mentionné ?",2519
6,"Si un époux ne contracte pas de dettes, peut-il être poursuivi pour les dettes de l'autre époux ? Doit-on payer les dettes de son conjoint si on n'a pas contracté de dettes soi-même ?",2256
7,"Je suis employé dans une entreprise qui traite des litiges de consommation. Doit-on suivre le traitement extrajudiciaire des litiges de consommation par le Service de médiation pour le consommateur en Belgique, comme stipulé dans le Code de Droit Economique ?",2283
8,Un colocataire informe les autres de son intention de sortir du bail. Les colocataires non sortants peuvent-ils refuser le colocataire remplaçant proposé pour des motifs raisonnables et justes ?,881
9,"Vous hébergez des colocataires à Bruxelles, l'un d'eux enfreint régulièrement les règles de la maison. Pouvez-vous mettre fin au bail de colocation avant l'échéance en raison de ces violations sans donner congé, conformément à la loi sur les baux en vigueur ?",2507
10,Le service de médiation est-il habilité à traiter un litige relatif à un achat en ligne ?,22316
11,Je travaille pour une entreprise qui distribue des participations bénéficiaires à ses employés. Les impôts sur les sommes réparties à titre de participation bénéficiaire sont-ils calculés sur le montant total pour l'année d'imposition en vertu de l'article donné ?,22312
12,Je possède un logement en Wallonie et je soupçonne qu'il est insalubre. Est-ce que la Société wallonne du Logement peut m'accorder de l'aide après avoir reçu le rapport de salubrité mentionné dans l'article 65?,12075
13,Vous êtes locataire d'un logement potentiellement insalubre en Wallonie. Est-ce que la Société wallonne du Logement peut conduire une inspection pour déterminer la qualité de salubrité de votre logement ?,12073
14,Vous avez acheté un produit défectueux en ligne et souhaitez régler le litige par le biais du Service de médiation pour le consommateur. Est-ce que le traitement de votre demande par le service de médiation pour le consommateur sera gratuit ?,979
15,J'ai acheté un produit défectueux en France. Est-ce que le Service de médiation pour le consommateur peut traiter ma réclamation gratuitement ?,1303
16,Je viens de donner naissance à mon enfant et je veux officialiser sa naissance. Puis-je faire la déclaration de naissance de mon enfant sans impliquer le père s'il est indisponible ou refuse de participer à la déclaration ?,2863
17,Un litige de consommation avec une entreprise doit être résolu par le Service de médiation pour le consommateur. Qui est compétent pour traiter ce genre de litige selon le Code de Droit Economique en Belgique ?,1122
18,J'ai reçu une lettre d'avocat me demandant de payer des frais pour une médiation de consommation. Dois-je payer ces frais même si je fais appel au Service de médiation pour le consommateur ?,858
19,J'ai signé un bail étudiant qui n'a pas été enregistré. Puis-je mettre fin au bail sans préavis ni indemnité à Bruxelles en vertu de l'article statutaire précité ?,2507
20,Je suis locataire à Bruxelles et mon bail n'est pas enregistré. Puis-je résilier le bail sans préavis ni indemnité conformément à l'article donné ?,2507
21,Je loue un appartement à Bruxelles sans avoir enregistré mon bail. Puis-je résilier le bail sans préavis ni indemnité conformément à la loi en vigueur à Bruxelles ?,2519
22,"Je suis sur le point de déposer une demande au tribunal de la famille concernant un enfant dont la paternité n'est pas établie par les articles 315 ou 317, ni par reconnaissance. Est-ce que le jugement établissant la filiation devra être signifié à l'époux ou l'épouse du défendeur s'il est marié et que l'enfant a été conçu pendant le mariage par une autre personne ?",4813
23,J'ai acheté un produit défectueux en ligne et je souhaite résoudre le litige hors des tribunaux. Est-ce que le Service de médiation pour le consommateur peut traiter gratuitement ma demande de règlement extrajudiciaire de ce litige de consommation ?,5449
24,"Je suis sur le point de conclure une médiation pour régler un litige non patrimonial. Serait-il possible de transformer cet accord de médiation en un acte juridique contraignant, en dehors d'une transaction ?",6046
25,"Je suis impliqué dans un partage d'indivision avec d'autres parties. Puis-je demander un partage judiciaire si certains indivisaires ne sont pas d'accord pour un partage amiable, conformément à l'article 1206, alinéa 6 ?",5317
26,Un système de médiation est prévu pour régler les litiges de consommation en Belgique. Est-ce que je peux recevoir gratuitement une médiation pour résoudre un différend de consommation grâce au Service de médiation pour le consommateur ?,22446
27,Vous avez acheté un produit en Belgique qui s'est révélé défectueux. La médiation pour le consommateur peut-elle traiter votre litige gratuitement en tant que résident belge ?,19446
28,"Un médiateur a été saisi pour résoudre un litige de consommation en Belgique. Le médiateur a-t-il le pouvoir de contraindre une des parties à accepter un règlement extrajudiciaire, en cas de désaccord persistant ?",874
29,Un logement est frappé par une interdiction de location en raison de l'état du logement. Le bailleur doit-il obtenir une attestation de contrôle de conformité avant de pouvoir remettre en location ce logement en Wallonie ?,616
30,Un litige de consommation a éclaté concernant un achat en ligne. Puis-je demander une médiation gratuite par le Service de médiation pour le consommateur pour résoudre ce litige ?,22582
31,Je suis en litige avec une entreprise belge en tant que consommateur. Est-ce que je peux recourir au Service de médiation pour le consommateur gratuitement pour régler ce litige conformément à la loi ?,5157
32,"Une société européenne souhaite choisir son mode d'administration. Est-il obligatoire pour une société européenne d'opter pour un mode d'administration moniste ou dual, et de l'inscrire dans ses statuts ?",20880
33,Je suis en litige avec une entreprise pour un produit défectueux. Est-ce que le Service de médiation pour le consommateur peut traiter mon litige gratuitement ?,1639
34,Je suis impliqué dans un litige de consommation en Belgique. Le Service de médiation pour le consommateur peut-il traiter mon litige gratuitement ?,5570
35,"Un jugement d'expulsion a été rendu à votre encontre. 
Puis-je m'opposer à la communication du jugement au Centre public d'action sociale après le délai de deux jours prévu dans l'article ?",5572
36,Je suis témoin d'un litige de consommation. Est-ce que le Service de médiation pour le consommateur peut traiter ce litige gratuitement selon la loi en vigueur?,8877
37,Un médiateur de consommation a été saisi pour résoudre un litige. Le médiateur peut-il imposer une solution contraignante aux parties impliquées dans le litige ?,8950
38,Je veux contester une amende pénale que j'ai reçue. Est-ce que je peux saisir le Service de médiation pour le consommateur pour régler ce litige gratuitement ?,6115
39,J'ai acheté un produit défectueux en ligne. Dois-je payer des frais pour que le Service de médiation pour le consommateur traite mon litige de consommation ?,6117
40,Une entreprise belge refuse de résoudre un litige de consommation par la voie extrajudiciaire. Le service de médiation pour le consommateur peut-il contraindre l'entreprise à participer à ce processus gratuitement ?,13
41,Une entreprise refuse de résoudre un litige de consommation. Est-ce que le Service de médiation pour le consommateur peut traiter ce litige gratuitement selon l'article donné ?,14
42,J'ai un enfant né en Belgique et je suis étranger. Dois-je effectuer une démarche administrative auprès des autorités diplomatiques ou consulaires du pays de mes parents pour préserver la nationalité belge de mon enfant ?,18756
43,Une entreprise a refusé de rembourser un produit défectueux. Puis-je demander une médiation gratuite par le Service de médiation pour le consommateur pour régler ce litige de consommation en Belgique ?,18755
44,"Je suis un colocataire souhaitant sortir anticipativement du bail. Est-ce que je dois trouver un colocataire remplaçant avant de quitter le logement, selon l'article en question ?",881
45,J'ai reçu un préavis de deux mois pour mettre fin à mon bail de logement étudiant. Puis-je résilier le bail de manière anticipée avant l'échéance en invoquant des motifs légitimes ?,876
46,Une entreprise refuse de rembourser un litige de consommation en France. Le service de médiation pour le consommateur peut-il traiter ce litige sans frais pour le plaignant ?,10780
47,Vous envisagez de réaliser des travaux de construction sur un bâtiment existant. Est-ce que le montant de l'investissement pour ces travaux inclut les frais d'agence immobilière à payer à Bruxelles selon l'article statutaire donné ?,8504
48,Une entreprise et un consommateur ont un litige en Belgique. Est-ce que le Service de médiation pour le consommateur en Belgique peut traiter gratuitement ce litige selon le Code de Droit Economique?,89
49,Un parcours d'intégration est prévu pour les primo-arrivants en région de langue française. Le coût des activités organisées dans le cadre de ce parcours est-il supporté par les primo-arrivants ?,10152
50,"Je suis en train de divorcer pour cause de désunion irrémédiable. En cas de divorce par consentement mutuel, serai-je obligé de payer des frais pour le traitement de ma demande de règlement de divorce extrajudiciaire ?",16010
51,Je suis en train de rédiger un contrat commercial en tant qu'entrepreneur en Belgique. Quelles sont les compétences du Service de médiation pour le consommateur en ce qui concerne le règlement extrajudiciaire des litiges de consommation selon le Code de Droit Economique ?,1083
52,Un individu a été reconnu coupable au tribunal. Quels sont les deux acteurs qui peuvent demander l'exécution du jugement en question selon l'article cité ?,13494
53,Vous avez signé un contrat avec une entreprise pour la fourniture de services. Quelle est l'autorité compétente pour traiter un litige de consommation découlant de ce contrat ?,13496
54,Je viens d'avoir 18 ans et je réside en Belgique depuis plus de 5 ans. Puis-je introduire une demande de passeport belge selon la loi statutaire donnée ?,2914
55,J'ai acheté un produit défectueux en Belgique. La médiation pour les litiges de consommation peut-elle être utilisée pour résoudre ce litige sans frais ?,18774
56,Je suis cité en justice pour une affaire de consommation. Est-ce que le Service de médiation pour le consommateur doit traiter gratuitement mon litige ?,5136
57,Je reçois une convocation à comparaître devant un tribunal. Dois-je déposer une requête conjointe pour former opposition tierce si je suis le prêteur et que je ne suis pas une des parties initialement convoquées ?,5550
58,Une entreprise vous facture des frais pour une médiation de consommation. Est-ce légal de facturer des frais pour la médiation de consommation en Belgique?,4577
59,Je suis en litige avec une entreprise dans le cadre de droits des consommateurs. Est-ce que je dois payer des frais pour que le Service de médiation pour le consommateur traite mon litige extrajudiciaire ?,5897
60,Une personne a reçu un jugement d'expulsion et souhaite s'opposer à la communication de ce jugement au Centre public d'action sociale. Quel est le délai imparti pour exprimer cette opposition à l'huissier de justice selon l'article 1344decies ?,5572
61,Un locataire a reçu un jugement d'expulsion en Wallonie. Le juge peut-il accorder un délai supplémentaire pour l'expulsion en raison de circonstances exceptionnelles et graves ?,5570
62,J'ai été nommé subrogé tuteur par le juge de paix. Quand cessent mes fonctions en tant que subrogé tuteur ?,1318
63,"Je suis mineur et émancipé. Puis-je former une demande seul devant le tribunal ou dois-je être assisté de mon curateur pour cela, conformément à l'article donné ?",5920
64,"Je souhaite contester l'octroi d'un droit d'obtenteur pour une variété végétale. Est-ce que les motifs d'objection prévus dans l'article incluent le non-respect des conditions énoncées aux articles XI.106, XI.107, XI.108, XI.109 et XI.111 pour la variété en question ?",15055
65,Un tribunal belge cherche à établir la filiation d'un enfant. Quelles sont les conditions fixées par l'article 332quinquies pour établir la paternité lorsque ni la reconnaissance ni la comaternité ne sont établies ?,3074
66,Un couple non marié a un enfant ensemble. Dois-je obtenir une décision du tribunal de la famille pour établir légalement ma paternité dans cette situation ?,12026
67,"Un locataire doit quitter un logement ne respectant plus les normes de sécurité. Doit-on proposer un relogement au locataire expulsé par le bourgmestre en respectant des délais précis, selon l'article 7, § 5 de la loi ?",620
68,Je suis en conflit avec une entreprise belge concernant un achat en ligne. Puis-je utiliser le Service de médiation pour le consommateur gratuitement pour résoudre ce litige ?,2300
69,Mon conjoint est décédé. Ai-je le droit de me faire attribuer l'immeuble servant au logement de la famille en tant que conjoint survivant selon l'article donné ?,2229
70,Je cherche à régler un litige de consommation avec une entreprise en Belgique. Est-ce que le Service de médiation pour le consommateur peut traiter ma demande gratuitement ?,16077
71,Ma femme et moi vivons séparément depuis plus de 300 jours avec une ordonnance de résidence séparée. La présomption de paternité s'applique-t-elle à notre enfant né pendant cette période de séparation ?,1098
72,Une société de consommation belge et un client ont un litige non résolu. Peut le client utiliser le Service de médiation pour le consommateur sans frais pour régler ce litige ?,14
73,Je fais l'objet d'une enquête menée par l'administration. Est-ce que l'administration doit notifier les conclusions du rapport d'enquête au bourgmestre selon l'article donné ?,12023
74,Un consommateur engage une plainte de litige avec une entreprise belge Le service de médiation pour le consommateur en Belgique est-il compétent pour régler ce litige gratuitement ?,1023
75,Je suis un consommateur impliqué dans un litige. Est-ce que je peux demander une médiation gratuite par le Service de médiation pour le consommateur pour résoudre mon litige?,16001
76,Je suis le directeur d'une maison d'arrêt. Est-ce que je suis autorisé à déléguer la responsabilité de tenir le registre des détenus à un membre de mon personnel ?,13889
77,Une entreprise a violé mes droits en tant que consommateur et je souhaite entamer une médiation. Le Service de médiation pour le consommateur peut-il traiter mon litige gratuitement ?,19927
78,Un litige de consommation - un achat en ligne entre un consommateur et une entreprise belge - survient. Est-ce que le service de médiation pour le consommateur a compétence pour traiter ce litige sans frais ?,1448
79,"Un individu a déposé un objet chez moi sans mentionner un lieu précis pour la restitution. Dois-je rendre l'objet à l'endroit où il a été déposé si aucun lieu de restitution n'a été convenu, selon l'article statutaire mentionné ?",2660
80,Je suis une entreprise belge et un client dépose une plainte concernant un litige de consommation. Est-ce que je suis obligé de participer au règlement extrajudiciaire du litige de consommation proposé par le Service de médiation pour le consommateur gratuitement ?,893
81,Je désire voter aux élections communales en Belgique en tant qu'étranger résidant dans le pays depuis cinq ans. Suis-je éligible pour devenir électeur communal selon l'article donné ?,3170
82,Un litige de consommation est survenu entre moi et un commerçant. Est-ce que je peux faire appel au Service de médiation pour le consommateur pour régler ce litige sans frais ?,12747
83,Un litige de consommation a éclaté entre un consommateur et un commerçant en Belgique. Doit-on payer pour engager une médiation auprès du Service de médiation pour le consommateur dans ce cas?,5083
84,Je souhaite faire une réclamation liée à un litige de consommation en Belgique. Est-ce que le Service de médiation pour le consommateur est compétent pour traiter ma réclamation gratuitement ?,22446
85,Je déménage dans un nouvel appartement. Est-ce que je peux placer mon enfant mineur non émancipé sous ma tutelle dans ce nouvel appartement en tant que son domicile ?,979
86,Je lance une procédure de règlement extrajudiciaire pour un litige de consommation en Belgique. Le Service de Médiation pour le Consommateur peut-il traiter mon litige gratuitement ?,1137
87,Une entreprise locale a refusé un remboursement suite à un produit défectueux. La médiation pour le consommateur peut-elle contraindre l'entreprise à me rembourser gratuitement ?,1099
88,Un tribunal familial a fixé une contribution alimentaire. Est-il obligatoire de mentionner explicitement la possibilité de percevoir les revenus du débiteur dans le jugement relatif à la contribution alimentaire ?,5517
89,Un litige de consommation concerne l'achat d'un produit défectueux en ligne. Est-ce que le Service de médiation pour le consommateur peut traiter ce litige gratuitement ?,5516
90,Je suis en train de chercher un moyen de régler un litige de consommation en Belgique. Est-ce que le Service de médiation pour le consommateur peut intervenir gratuitement pour régler mon litige ?,1249
91,J'ai acheté un produit défectueux en Belgique. Puis-je demander une médiation gratuite en cas de litige avec le vendeur selon la loi sur le règlement extrajudiciaire des litiges de consommation en Belgique ?,16019
92,"J'ai acheté un bien loué à Bruxelles. Ai-je le droit d'expulser le locataire actuel si le bail dont il dispose est authentique ou a une date certaine, mais que je n'ai pas réservé ce droit dans le contrat de bail ?",2514
93,"Dans le cadre d'une médiation de conflit de consommation en Belgique, seules les entreprises belges sont concernées. La médiation pour les litiges de consommation est-elle obligatoire pour les entreprises belges en cas de conflit avec un consommateur ?",2522
94,Un individu a été déclaré incapable par une décision de justice. Peut cette personne protégée accomplir certains actes de manière non autonome avec une assistance ?,1362
95,Mon employeur refuse de payer les frais liés à l'introduction d'une procédure de règlement extrajudiciaire d'un litige de consommation. Est-il légal de demander à l'employé de payer pour entamer une procédure devant le Service de médiation pour le consommateur ?,13389
96,Je veux régler un litige de consommation via médiation. Est-ce que le Service de médiation pour le consommateur peut traiter mon litige gratuitement conformément au Code de Droit Economique?,1083
97,Une entreprise refuse de résoudre un litige de consommation. Est-ce que le Service de médiation pour le consommateur peut imposer une solution contraignante à l'entreprise en matière de litiges de consommation ?,16010
98,Je suis impliqué dans une procédure de règlement collectif de dettes. Dans quels cas puis-je être révoqué de cette procédure ?,5953
99,J'ai un litige de consommation à régler en dehors des tribunaux. Est-ce que le Service de médiation pour le consommateur peut traiter gratuitement ma demande de règlement extrajudiciaire de ce litige ?,5706
100,Je souhaite résoudre un litige de consommation par le biais du Service de médiation pour le consommateur en Belgique. Est-ce que le traitement de ma demande de règlement extrajudiciaire par ce service est gratuit selon le Code de Droit Economique ?,1144
101,Je souhaite régler un litige de consommation via le Service de médiation pour le consommateur. Est-ce que le traitement de ma demande par ce service sera gratuit ?,1173
102,Le paiement d'une lettre de change doit être effectué après un jour férié légal. Le samedi est-il considéré comme un jour férié légal pour le paiement d'une lettre de change ?,14674
103,Mon entreprise est en difficulté financière et mes biens ont été vendus suite à une requête de créanciers. Puis-je demander un délai de paiement pour mes dettes en cours selon la loi en vigueur ?,5546
104,Un couple non marié souhaite établir la filiation de leur enfant. Le jugement établissant la filiation doit-il être signifié aux deux parents dans ce cas ?,5482
105,Un mineur souhaite contester des décisions prises par son tuteur. Peut-il demander une intervention d'urgence en attendant la résolution du conflit ?,1321
106,Je souhaite bénéficier d'un hébergement temporaire dans une maison d'hébergement de type familial en raison de difficultés sociales. Cette maison d'hébergement est-elle autorisée à me fournir un logement temporaire en vertu de la loi statutaire applicable ?,10065
107,"Suite à une modification de leur statut, une association souhaite obtenir un agrément pour un abri de nuit. Doit-elle fournir une copie des statuts modifiés publiés au Moniteur belge lors de sa demande d'agrément?",10077
108,Je suis en discussion avec l'autre parent pour établir la filiation de notre enfant. Comment la filiation peut-elle être établie selon l'article 332quinquies en cas de non-mariage des parents en Belgique ?,7798
109,Vous envisagez d'acheter un produit en Belgique. Est-il obligatoire de recourir au Service de médiation pour le consommateur pour résoudre un éventuel litige lié à cet achat ?,10095
110,"Je suis en train de louer une maison en Belgique. Est-ce que le propriétaire doit fournir et installer des détecteurs d'incendie dans le logement que je loue, conformément à la loi en vigueur en Wallonie ?",12019
111,J'achète un produit en Belgique et je constate un défaut après plusieurs semaines. Dois-je contacter le médiateur pour le consommateur pour résoudre ce litige de consommation ?,21509
112,"Un projet de plan environnemental est soumis à une enquête publique à Bruxelles. Doit-on adresser les réclamations et observations uniquement à Bruxelles Environnement pendant le délai d'enquête ?

Statutory Law Article: Lorsque la paternité n'est pas établie, ni en vertu des articles 315 ou 317, ni par une reconnaissance, et que la comaternité visée au chapitre 2\/1 n'est pas non plus établie, elle peut l'être par un jugement prononcé par le tribunal de la famille, aux conditions fixées à l'article 332quinquies.",13
113,Un litige de consommation survient entre un consommateur et une entreprise en Belgique. Le Service de médiation pour le consommateur peut-il traiter gratuitement ce litige conformément au Code de Droit Economique ?,11971
114,Un entrepreneur a réalisé des travaux chez moi et a endommagé une partie de ma propriété. Suis-je légalement responsable des réparations suite aux dommages causés par l'entrepreneur ?,2224
115,"Mon ami a abîmé mon habitation. Selon l'article donné, qui est responsable des réparations, moi en tant que propriétaire ou mon ami en tant qu'occupant ?",1535
116,Mon conjoint possède des biens propres hérités de son ascendant. Ces biens sont-ils considérés comme propres en cas de dissolution du régime matrimonial ?,2242
117,Un prestataire établi en Belgique est couvert par une assurance équivalente dans un autre État membre. Doit-il souscrire une assurance responsabilité professionnelle supplémentaire pour les éléments non couverts ?,13958
118,Mon logement pourrait nécessiter des travaux pour assurer sa salubrité. Est-ce que la Société wallonne du Logement peut accorder une aide après la réalisation d'une enquête de salubrité sur mon logement ?,12075
119,Un problème de salubrité publique a été identifié dans une commune en Wallonie. Est-il possible pour la commune d'imposer l'installation d'un système d'épuration individuelle pour résoudre ce problème ?,16707
120,Vous envisagez de solliciter une aide de la Société wallonne du Logement en raison de problèmes de salubrité. La Société wallonne du Logement peut-elle accorder une aide sur la base du rapport de salubrité sans passer par les articles 61 à 63 mentionnés dans l'article statutaire ?,12075
121,"Un litige de consommation survient entre un consommateur et un commerçant en Belgique. Quel est l'organe compétent pour traiter ce litige hors du cadre judiciaire, conformément à l'article du Code de Droit Economique mentionné ?",11645
122,Vous avez besoin d'aide juridique mais vos revenus dépendent de la cohabitation avec d'autres personnes. Doit-on tenir compte des revenus des autres personnes avec lesquelles vous vivez pour déterminer votre admissibilité à l'aide juridique selon l'article donné ?,4512
123,Je suis confronté à un litige de consommation en tant que consommateur. Est-ce que le service de médiation pour le consommateur est gratuit pour régler ce litige ?,8103
124,Un différend de consommation survient entre moi et un commerçant. Le Service de médiation pour le consommateur peut-il intervenir pour résoudre ce litige gratuitement ?,5136
125,Je déménage dans une nouvelle province et j'ai des litiges de consommation à régler. Puis-je faire appel au Service de médiation pour le consommateur pour traiter mes litiges de consommation même si je viens d'emménager dans une nouvelle province ?,4841
126,Je suis belge et j'ai rédigé un testament. Mon testament sera-t-il considéré comme valide en Belgique en vertu de l'article statutaire mentionné ?,2869
127,Je souhaite déposer une plainte concernant un litige de consommation en Belgique. Est-ce que le Service de médiation pour le consommateur a compétence pour traiter ma plainte gratuitement ?,2328
128,Je recherche des informations sur les dettes communes dans un régime matrimonial. Est-ce que chaque époux est responsable des dettes communes même si son patrimoine propre aurait pu être saisi pour les régler lors du partage ?,2283
129,Les époux se sont séparés et souhaitent régler leurs dettes communes. Les créanciers peuvent-ils poursuivre le paiement des dettes contractées pour les besoins du ménage et l'éducation des enfants sur le patrimoine propre de l'époux qui n'avait pas contracté la dette?,2256
130,Je suis confronté à un litige de consommation en Belgique. Est-ce que je peux demander une médiation gratuite auprès du Service de médiation pour le consommateur pour régler ce litige ?,14782
131,J'ai pris la décision de soumettre un litige de consommation à la médiation. Est-ce que le Service de médiation pour le consommateur peut exiger des frais pour traiter mon litige de consommation ?,9503
132,J'envisage de me marier en France. Est-ce que le mariage peut avoir lieu par procuration en France selon la loi en vigueur?,16001
133,J'ai vécu en cohabitation légale avec mon partenaire en Belgique. Doit-on respecter des conditions spécifiques pour pouvoir faire une déclaration de cohabitation légale en Belgique ?,2328
134,J'ai une incapacité à accomplir certains actes de façon autonome. Ai-je le droit de bénéficier d'une assistance pour m'aider à accomplir ces actes en vertu de l'article statutaire mentionné ?,1362
135,Un enfant mineur est impliqué dans un litige de consommation. Est-ce que le Service de médiation pour le consommateur traite gratuitement les litiges impliquant des mineurs ?,5414
136,Un parent souhaite établir son lien de filiation avec son enfant. Quelles conditions doivent être remplies pour établir la filiation par un jugement du tribunal de la famille selon l'article 332quinquies ?,5973
137,Je suis sur le point de conclure un plan de règlement amiable avec mes créanciers. Le juge a-t-il le pouvoir d'imposer un plan de règlement judiciaire si aucun accord n'est trouvé dans le plan amiable ?,5954
138,Une entreprise de vente en ligne a refusé de rembourser un produit défectueux. Puis-je recourir au Service de médiation pour le consommateur pour résoudre ce litige sans frais ?,16030
139,Mon enfant a besoin d'une assistance financière de la part de son père. Est-ce que les juridictions belges ont compétence pour traiter une demande d'obligation alimentaire envers mon enfant indépendamment de notre situation matrimoniale ?,16027
140,"Un locataire souhaite quitter son logement avant la fin du bail de longue durée. Peut-il résilier le bail automatiquement à l'expiration du terme fixé, selon la loi ?",2507
141,Nous sommes en Belgique. Le bail de location peut-il être prolongé en cas de circonstances exceptionnelles à la fin du bail ?,870
142,Je suis victime d'une infraction. Je souhaite dénoncer le coupable. Est-ce que je peux parler directement au juge lors de l'enquête sur cette affaire ?,5107
143,"Dans une affaire de diffamation, une personne prétend que des propos tenus à son encontre sont mensongers et portent atteinte à sa réputation. Le tribunal peut-il accorder réparation si les propos diffamatoires ont été tenus publiquement et intentionnellement ?",5095
144,"Je recherche des informations sur la séparation de corps. Doit-il y avoir un accord entre les époux portant sur les mesures concernant la personne, les aliments et les biens des époux et des enfants dont ils ont la charge dans le cadre d'une séparation de corps ?",16010
145,"Vous envisagez de divorcer par consentement mutuel en Belgique. Est-il obligatoire de suivre les conditions fixées dans la quatrième partie, livre IV, chapitre XI, section 2 du Code judiciaire pour divorcer par consentement mutuel?",1083
146,J'ai une dispute avec une entreprise en matière de consommation. Est-ce que le Service de médiation pour le consommateur peut traiter ce litige sans frais ?,5516
147,Mon entreprise a un litige de consommation à résoudre. Est-il obligatoire de passer par le Service de médiation pour le consommateur pour régler ce litige ?,5517
148,Un médiateur de dettes est récusé pour manque d'impartialité. Qui peut désigner un nouveau médiateur de dettes suite à une récusation conformément à l'article 971 du Code de droit économique ?,5988
149,Un médiateur de dettes n'a pas répondu aux demandes. Puis-je obtenir des informations sur le statut de ma requête sans frais auprès du Service de médiation pour le consommateur ?,5668
150,Je suis mandaté pour gérer les fonds d'une personne protégée. Le juge de paix peut-il confier la gestion de ces fonds à une institution agréée par la Banque nationale de Belgique selon la loi du 22 mars 1993 ?,1401
151,Mon voisin refuse de payer sa pension alimentaire depuis des mois. Est-ce que je peux demander l'intervention du tribunal de la famille pour régler ce litige ?,1389
152,Je travaille dans le secteur de la consommation et j'ai un différend avec un client. Puis-je faire appel au Service de médiation pour le consommateur pour résoudre ce litige gratuitement ?,16010
153,J'ai reçu une invitation à participer à une médiation de consommation. Suis-je tenu(e) de participer à la médiation proposée gratuitement par le Service de médiation pour le consommateur ?,1083
154,Je suis condamné à une peine criminelle pour la deuxième fois. Puis-je être condamné à une peine double du maximum prévu par la loi pour le délit si je commets une nouvelle infraction ?,6137
155,Je travaille dans une entreprise qui traite des données confidentielles dans un fichier des avis. Quelle est la peine encourue si je consulte ce fichier sans autorisation en dehors des cas prévus par la loi ?,5662
156,Je veux changer la résidence d'une personne protégée pour des raisons personnelles. Ai-je le droit de procéder à ce changement sans l'approbation de l'administrateur des biens conformément à l'article mentionné ?,1407
157,Un litige de consommation survient entre un consommateur et un commerçant en Belgique. Le Service de médiation pour le consommateur peut-il traiter gratuitement cette situation ?,1405
158,"Lors d'une enquête judiciaire, le procureur du Roi donne des directives pour l'exécution des missions de police judiciaire. Le juge d'instruction peut-il annuler les directives du procureur du Roi concernant une enquête judiciaire ?",13216
159,Vous avez reçu une contravention et vous contestez la décision du tribunal de police. Est-ce que l’article 1er de l'annexe au présent code indique la procédure à suivre en cas de désaccord avec une décision du tribunal de police ?,3858
160,J'ai acheté un produit défectueux en ligne. Ai-je le droit d'engager une médiation gratuite avec le Service de médiation pour le consommateur pour résoudre ce litige de consommation ?,13307
161,Je suis accusé d'avoir commis un acte passible d'une peine correctionnelle. Dois-je m'attendre à être jugé pour un délit selon notre réglementation juridique en vigueur ?,6074
162,"Je suis en litige avec un commerçant belge concernant un achat en ligne. Est-ce que le Service de médiation pour le consommateur peut traiter mon litige gratuitement, conformément à l'article du Code de Droit Économique ?",5455
163,Un locataire souhaite mettre fin à son bail de location anticipativement. Est-il possible de résilier un bail de location avant sa date d'expiration en vertu du Code du logement ?,1084
164,Mon bail est situé à Bruxelles. Est-ce que mon loyer est automatiquement indexé à Bruxelles selon la loi en vigueur ?,843
165,"Vous envisagez de modifier le montant de votre loyer annuel à Bruxelles.
Dois-je respecter une fréquence spécifique pour ajuster mon loyer en fonction du coût de la vie, selon l'article donné ?",2496
166,Je suis en litige avec une entreprise en Belgique en tant que consommateur. Le Service de médiation pour le consommateur est-il compétent pour traiter mon litige gratuitement?,7748
167,Un prévenu a manqué le dépôt de conclusions dans un procès. Peut-on exclure automatiquement les conclusions non déposées dans une affaire si elles ne sont pas communiquées dans les délais fixés ?,13434
168,J'achète un produit en ligne et rencontre un différend avec le vendeur. Est-ce que le médiateur pour le consommateur peut traiter les litiges issus d'achats en ligne ?,1355
169,Je souhaite envoyer une plainte au Service général de l'inspection pour vérifier l'encadrement pédagogique de mon enfant scolarisé à domicile. Dois-je fournir les documents listés dans l'article pour que ma plainte soit traitée ?,11481
170,Je souhaite ouvrir une entreprise en Belgique avec mon partenaire. Pouvons-nous bénéficier gratuitement du Service de médiation pour le consommateur en cas de litige lié à notre activité commerciale ?,2267
171,"Après un achat en ligne, un litige de consommation survient avec une entreprise belge. Puis-je utiliser le service de médiation pour le consommateur pour résoudre ce litige sans frais supplémentaires ?",15169
172,J'assiste à une séance parlementaire confidentielle. Devrais-je révéler le contenu de cette séance en cas de contestation judiciaire ?,3223
173,Un notaire a rédigé un testament pour moi. Est-ce que le notaire est tenu de garder confidentiel le contenu de mon testament selon l'article 458 du code pénal?,10730
174,Un consommateur belge a un litige avec une entreprise étrangère. Est-il possible pour ce consommateur de demander un règlement extrajudiciaire gratuit de son litige avec l'entreprise en utilisant le Service de médiation pour le consommateur ?,941
175,Un consommateur souhaite régler un litige à l'amiable avec une entreprise belge. Est-il gratuit pour le consommateur de demander une médiation par le Service de médiation pour le consommateur en Belgique ?,943
176,Vous êtes un locataire à Bruxelles vivant dans un logement pour lequel vous avez un bail de 9 ans. Est-ce que votre bailleur peut mettre fin au bail de 9 ans sans motif à Bruxelles en se basant sur les dispositions du Code de Droit Economique?,2507
177,"Un locataire reste dans les lieux après l'expiration du bail sans opposition du bailleur. Le bail peut-il être reconduit aux mêmes conditions, y compris la durée, sans autre formalité ?",2508
178,Mon voisin et moi partageons un mur mitoyen. Suis-je légalement tenu de contribuer à la réparation et à la reconstruction du mur mitoyen en cas de besoin ?,1585
179,Vous avez été victime d'un accident de voiture impliquant un tiers. Votre assureur peut-il réclamer des dommages-intérêts au conducteur responsable de l'accident en vertu de cet article de loi ?,2221
180,"Un logement social est nécessaire pour un ménage à faibles revenus en Belgique. Est-ce que les ménages disposant des revenus des catégories 1, 2 et 3 peuvent détenir un logement en pleine propriété ou en usufruit lorsqu'ils bénéficient d'un logement d'utilité publique ?",12297
181,Une société belge de logement a acquis des droits réels sur un bâtiment en vue de le réhabiliter pour en faire des logements d'utilité publique. Le gouvernement peut-il accorder une aide pour le coût de la réhabilitation de ce bâtiment selon l'article donné ?,12051
182,Je travaille en tant que médiateur pour les litiges de consommation. Un consommateur peut-il être contraint de participer à une médiation de litiges de consommation ?,3223
183,Je suis témoin d'une personne qui tente de voler des secrets d'affaires d'une entreprise. Cette personne pourrait-elle être poursuivie en justice en vertu de l'article 1er du code des secrets d'affaires ?,15305
184,"Vous avez été témoin d'un accident de la route impliquant des tiers. Êtes-vous légalement obligé de témoigner devant les autorités compétentes sur ce qui s'est passé, en vertu de l'article donné ?",2220
185,"Je viens de causer des dommages à autrui par imprudence. Suis-je responsable des dommages causés en raison de ma négligence, selon l'article de loi mentionné ?",2221
186,J'ai récemment contacté le Service de médiation pour le consommateur concernant un litige avec une entreprise située en Belgique. Cette entreprise doit-elle couvrir les frais liés à la médiation pour le litige de consommation ?,10244
187,Je suis locataire et le propriétaire veut que je libère le logement. Ai-je le droit d'avoir des proches présents lors de la visite de l'expert mandaté par le propriétaire pour évaluer l'état du logement ?,8697
188,J'achète un produit défectueux en Belgique. Est-ce que je peux demander gratuitement une médiation pour résoudre le litige de consommation avec le vendeur ?,15998
189,Je réside en Belgique et souhaite vivre en cohabitation légale avec mon partenaire. Est-ce que je peux faire une déclaration de cohabitation légale même si mon partenaire et moi ne sommes pas mariés ?,2328
190,Mon petit-fils a été placé en famille d'accueil et je remets en question les décisions prises par les autorités. Dois-je assumer des frais pour que le Service de médiation pour le consommateur traite ma réclamation concernant les décisions prises pour mon petit-fils en famille d'accueil ?,1303
191,"Un couple de parents exerce conjointement l'autorité sur leur enfant. Puis-je administrer seul les biens de mon enfant sans consulter l'autre parent, mais en agissant de bonne foi ?",1282
192,"Je conteste une décision d'un organisme de sécurité sociale en Wallonie. Ai-je encore le droit de contester cette décision devant le tribunal du travail compétent, étant donné que cela fait 2 ans depuis que la décision a été prise?",9964
193,Je suis en conflit avec mon employeur concernant les cotisations de sécurité sociale. Le tribunal du travail a-t-il compétence pour traiter les contestations relatives aux obligations des employeurs concernant les cotisations de sécurité sociale selon l'article donné ?,4613
194,Je suis impliqué dans un litige de consommation. Est-ce que le traitement d'une demande de règlement extrajudiciaire d'un litige de consommation par le Service de médiation pour le consommateur est gratuit ?,12019
195,Je souhaite contester une décision du service de médiation pour le consommateur. Est-ce que le traitement de ma contestation est gratuit selon la loi en vigueur ?,21508
196,"Un médiateur a été mandaté pour résoudre un litige de consommation entre vous et une entreprise. 
Le médiateur peut-il exiger des frais pour traiter votre demande de règlement extrajudiciaire du litige de consommation ?",1144
197,J'ai acheté un produit et ai rencontré un litige de consommation. Le médiateur pour le consommateur peut-il traiter mon litige gratuitement ?,1173
198,Je souhaite résoudre un différend de consommation avec une entreprise. Le service de médiation pour le consommateur peut-il prendre en charge le règlement de mon litige gratuitement ?,1147
199,Vous avez acheté un produit défectueux en ligne et souhaitez résoudre le litige à l'amiable. Est-ce que le Service de médiation pour le consommateur peut traiter votre demande gratuitement ?,941
200,Un projet de plan environnemental est soumis à une enquête publique à Bruxelles. Doit-on envoyer les réclamations et observations à Bruxelles Environnement par voie postale ou électronique pendant le délai d'enquête publique ?,13
201,Un individu a déposé une plainte pour un litige de consommation auprès du Service de médiation pour le consommateur en Belgique. Le service est-il légalement tenu de traiter gratuitement cette demande de règlement extrajudiciaire ?,135
202,J'ai un litige de consommation avec une entreprise en Belgique. Le Service de médiation pour le consommateur peut-il traiter gratuitement mon litige selon l'article donné ?,2507
203,"Je suis impliqué dans un litige de consommation avec une entreprise en Belgique. Comment puis-je demander un règlement extrajudiciaire du litige avec le Service de médiation pour le consommateur, conformément à l'article de loi mentionné ?",870
204,"Je m'apprête à rompre un bail de courte durée que j'ai conclu avant le 18 mars 2020, en tant qu'étudiant non domicilié. Puis-je donner un congé d'un mois conformément à la dérogation de l'article 238 ?",858
205,Je suis locataire d'un logement à Bruxelles. Mon bail actuel est-il concerné par l'article mentionnant les baux régis par le titre XI du Code ?,2477
206,Je suis un consommateur en Belgique en conflit avec un commerçant. Est-ce que le service de médiation pour le consommateur peut traiter mon litige gratuitement ?,14580
207,Vous avez acheté un produit défectueux et souhaitez le retourner. Est-ce que le Service de médiation pour le consommateur peut traiter ma demande de règlement du litige concernant ce produit gratuitement ?,14594
208,J'ai signé un contrat de garantie avec un débiteur. Ai-je le droit de demander un remboursement au débiteur avant d'avoir payé en invoquant la garantie que j'ai signée avec lui ?,2750
209,"Un litige de consommation survient entre un consommateur et une entreprise en Belgique. Doit-on obligatoirement passer par le Service de médiation pour le consommateur pour régler ce litige, selon le Code de Droit Economique ?",19347
210,Mon frère refuse de quitter le logement que nous partageons en location. Ai-je le droit de demander son expulsion en tant que locataire principal ?,1521
211,Je veux mettre fin à un litige de consommation par le biais du Service de médiation pour le consommateur. Puis-je bénéficier du service de médiation gratuitement selon le Code de Droit Economique ?,7160
212,"Un litige de consommation est survenu, et je souhaite le résoudre de manière extrajudiciaire. Le Service de médiation pour le consommateur peut-il traiter mon litige gratuitement ?",16808
213,Ma grand-mère bénéficie d'une allocation pour l'aide aux personnes âgées en Belgique. Comment peut-elle demander que le paiement de son allocation s'effectue au moyen de chèques circulaires belges ?,7282
214,Un consommateur a engagé une médiation pour régler un litige de consommation. Est-ce que le service de médiation pour le consommateur est autorisé à facturer des frais pour traiter ce litige ?,1717
215,Vous êtes en conflit avec un tiers et vous avez intenté une action en justice. Le juge a-t-il le pouvoir de décider que les frais extraordinaires de poursuites soient payés par privilège sur le prix dans votre affaire ?,5897
216,Vous venez de subir un accident de travail et vous êtes en arrêt maladie. L'examen de reprise du travail est-il obligatoire avant de reprendre un travail adapté conformément à la loi ?,21057
217,"Après la fermeture de mon entreprise, je souhaite régler un litige de consommation. Est-il obligatoire de passer par le Service de médiation pour le consommateur pour résoudre mon litige de manière gratuite ?",21093
218,Une entreprise souhaite régler un litige de consommation via le Service de médiation pour le consommateur. Est-ce que la demande de règlement extrajudiciaire d'un litige de consommation par le Service de médiation pour le consommateur est gratuite pour les entreprises belges ?,2835
219,Je souhaite acheter un bien aux enchères. Est-ce que l'adjudicataire doit payer des frais au notaire selon l'article 1585 du Code de Procédure Civile ?,5896
220,Vous êtes en colocation à Bruxelles. Est-il obligatoire de signer un pacte de colocation pour formaliser les aspects de la vie en communauté et les modalités pratiques de l'habitat selon l'article Pacte de colocation ?,882
221,Une personne fait l'acquisition d'un produit défectueux en Belgique. Est-ce que le Service de médiation pour le consommateur traite les litiges liés aux produits défectueux conformément au Code de Droit Economique ?,876
222,J'ai acheté un produit défectueux en ligne. Puis-je faire appel au Service de médiation pour le consommateur pour régler ce litige sans frais ?,2267
223,"Vous avez acheté un bien immobilier en commun avec votre partenaire. Peut l'un d'entre vous disposer de ce bien entre vivants à titre gratuit sans le consentement de l'autre, selon l'article en question ?",2261
224,"Vous vivez dans une habitation en Belgique. Est-ce que je suis obligé de supporter les coûts d'achat, d'installation et de remplacement des détecteurs d'incendie dans mon logement conformément à la loi en vigueur ?",12019
225,Je suis propriétaire d'un immeuble locatif en Belgique. Dois-je installer des équipements de protection contre l'incendie conformément à la réglementation en vigueur ?,21508
226,"Un avocat est nommé pour représenter une personne accusée de crime devant un tribunal.
Est-ce que cette personne a le droit de consulter un avocat de son choix en plus de celui qui lui est assigné d'office ?",12019
227,"Je suis en charge d'un établissement commercial. Doit-on fournir une formation spécifique à tous les employés sur l'utilisation des équipements de protection contre l'incendie, selon la loi?",21508
228,Je souhaite donner tous mes biens à mon fiduciaire. Est-il légal de faire une donation de tous mes biens à mon fiduciaire en vertu de l'article donné ?,1636
229,Je suis en train de résoudre un litige de consommation avec une entreprise belge. Puis-je demander un règlement extrajudiciaire de ce litige gratuitement auprès du Service de médiation pour le consommateur ?,1808
230,Je cherche à obtenir une assistance judiciaire en Belgique. Ai-je le droit à une assistance judiciaire si je suis un étranger en situation régulière de séjour dans un État membre de l'Union européenne autre que la Belgique ?,4752
231,Je suis un résident étranger en Belgique et je souhaite obtenir un titre de voyage belge. Est-ce que je dois prouver que je bénéficie d'un droit de séjour à durée indéterminée pour pouvoir faire une demande de titre de voyage belge selon l'article donné ?,2915
232,"Je suis propriétaire d'immeubles non bâtis en pleine propriété. Pour le calcul de mes revenus, est-il obligatoire de déduire 60 euros des revenus cadastraux de ces biens, selon l'article donné ?",7256
233,Un locataire a demandé un règlement de litige avec son propriétaire auprès du Service de médiation pour le consommateur. Le locataire doit-il payer des frais pour que le médiateur traite leur litige ?,1073
234,Je veux contester une décision judiciaire concernant la contribution alimentaire pour mon enfant. Puis-je demander une révision de cette décision en vertu de l'article 203quater du Code civil ?,5517
235,Un consommateur a un différend avec une entreprise et envisage une médiation de conflit. Le service de médiation pour le consommateur peut-il intervenir dans le règlement de ce litige gratuitement ?,7654
236,Je suis un médiateur pour le consommateur. Dois-je fournir mes services de médiation gratuitement selon le Code de Droit Economique ?,1342
237,Un citoyen souhaite régler un litige de consommation à l'amiable par le biais du Service de médiation pour le consommateur. Est-ce que le traitement de sa demande de règlement extrajudiciaire par ce service sera gratuit selon le Code de Droit Economique ?,1957
238,J'ai reçu une citation à comparaître devant le tribunal pour établir la filiation de mon enfant. Ai-je le droit de contester cette procédure judiciaire destinée à établir la filiation de mon enfant ?,2863
239,Un couple attend un enfant et souhaite établir la reconnaissance prénatale. La mère doit-elle obligatoirement donner son consentement pour l'acte de reconnaissance prénatale selon l'article mentionné ?,939
240,J'ai reçu une facture de frais de taxi d'un prestataire de services. Ces frais de taxi peuvent-ils légalement être inclus dans les frais de fonctionnement qui me sont facturés ?,9695
241,Mon propriétaire me réclame des frais à Bruxelles. Est-ce légal pour mon propriétaire de me demander de couvrir les frais de transport conformément au tarif arrêté par le Roi ?,5112
242,Un crime a été commis et un témoin a fourni un témoignage obtenu en application de certaines dispositions de la loi. Le témoignage du témoin obtenu en vertu des articles 86bis et 86ter peut-il être utilisé comme preuve pour une infraction non mentionnée dans l'article 90ter ou liée à une organisation criminelle ?,13337
243,J'envisage de soumettre un litige de consommation à la médiation. La médiation pour les litiges de consommation est-elle obligatoire avant d'engager une procédure judiciaire ?,13336
244,Une entreprise a vendu un produit défectueux en Belgique. Puis-je demander un règlement extrajudiciaire du litige de consommation auprès du Service de médiation pour le consommateur gratuitement ?,2524
245,Un locataire occupe un logement collectif à Bruxelles avec d'autres colocataires. Le propriétaire peut-il exiger le paiement de l'intégralité du loyer à un seul des colocataires selon la loi en vigueur ?,12030
246,"Un individu souhaite devenir conseiller auprès d'un tribunal du travail. Est-il nécessaire d'avoir exercé des fonctions judiciaires au sein d'un tribunal du travail pour devenir conseiller, selon l'article en question ?",4098
247,Je suis employé par une entreprise belge. Dois-je obligatoirement être représenté par un avocat au tribunal du travail si je saisis le tribunal contre mon employeur ?,3880
248,Je songe à créer une société à responsabilité limitée à Bruxelles. Ai-je la possibilité de constituer cette société pour une durée déterminée selon l'article de loi donné?,20227
249,"Une entreprise a été assignée devant la Commission de recours à Bruxelles. Est-ce que la Commission de recours peut proroger le délai de traitement de la requête pour une durée totale de plus de quarante-cinq jours, en cas de circonstances exceptionnelles à Bruxelles ?",11680
250,Vous envisagez de vendre une maison dont vous avez un droit d'habitation. Pouvez-vous vendre la maison sans l'accord de votre conjoint ?,1563
251,Un consommateur a un litige avec une entreprise. Est-ce que le service de médiation pour le consommateur peut traiter gratuitement ce litige conformément au Code de Droit Économique ?,2261
252,Un locataire a un bail authentique et le bailleur vend la propriété louée à un acquéreur. L'acquéreur peut-il expulser le locataire en Région de Bruxelles-Capitale selon l'article donné ?,2514
253,Vous souhaitez vendre un bien loué à un locataire à Bruxelles. Êtes-vous obligé d'informer le locataire de votre intention de le vendre dans les délais prévus par la loi ou la convention en vigueur ?,2519
254,"Je suis sur le point de déposer une demande judiciaire dont le montant réclamé détermine la compétence d'attribution. Est-ce que le montant réclamé devra inclure les intérêts judiciaires, les dépens et les astreintes selon l'article donné ?",4577
255,J'ai reçu une notification du greffier de la Cour concernant les frais de procédure en réhabilitation. Dois-je payer ces frais dans un délai de deux mois après la notification du greffier pour que l'arrêt soit exécuté conformément à l'article 631 alinéa 2 ?,13915
256,Je suis en train de demander une pension alimentaire pour mon enfant. La pension alimentaire cessera-t-elle d'être due si la filiation paternelle est établie à l'égard d'un autre que le débiteur ?,1156
257,Je suis impliqué dans un litige de consommation avec une entreprise. Comment puis-je demander le règlement extrajudiciaire de ce litige en utilisant le service de médiation pour le consommateur ?,1155
258,J'ai décidé de demander une séparation de corps à mon conjoint. Est-il obligatoire d'avoir l'accord de mon conjoint pour entamer une procédure de séparation de corps selon l'article statutaire donné ?,16010
259,Je suis en train de rédiger un contrat de vente pour une voiture. Le réglement extrajudiciaire des litiges de consommation s'applique-t-il en cas de litige concernant ce contrat de vente de la voiture ?,1083
260,Je suis impliqué dans une affaire de garde et de visite transfrontières en tant que parent. Comment puis-je initier une procédure urgente devant le tribunal de la famille pour régler cette question ?,5455
261,Je suis employé dans une entreprise belge et je rencontre un litige avec un consommateur. Dois-je recourir au Service de médiation pour le consommateur pour régler ce litige selon le Code de Droit Économique en Belgique ?,1084
262,"J'ai signé un contrat de crédit à la consommation, mais le prêteur n'a pas encore mis les fonds à ma disposition. Dois-je effectuer un paiement avant de pouvoir utiliser le crédit accordé selon l'article donné ?",14424
263,Je suis en situation d'insolvabilité et je possède un bien faisant l'objet d'une clause de réserve de propriété après avoir payé 40% du prix au comptant. Puis-je conserver ce bien sans risquer qu'il me soit repris sans décision judiciaire ou accord écrit après mise en demeure ?,14508
264,Je suis en train de déposer une demande de règlement extrajudiciaire d'un litige de consommation. Le Service de médiation pour le consommateur peut-il exiger des frais pour traiter ma demande ?,5649
265,Un litige de consommation surgit entre moi et une entreprise. Est-ce que le Service de médiation pour le consommateur peut régler ce litige gratuitement selon le Code de Droit Economique ?,14004
266,J'ai signé un contrat avec une entreprise pour des services. Est-ce que je peux demander une médiation gratuite en cas de litige avec cette entreprise pour des services de consommation ?,2825
267,Je suis en litige avec une entreprise en tant que consommateur. Puis-je demander la médiation du Service de médiation pour le consommateur pour régler le litige sans frais ?,15683
268,J'ai hérité des biens d'une personne protégée. J'aimerais vendre l'une des propriétés. Est-ce que je peux conclure la vente de l'immeuble sans l'accord de l'administrateur de la personne et de l'administrateur des biens de la personne protégée ?,1385
269,"Je suis désigné comme administrateur des biens d'une personne. Dois-je informer la personne de confiance des actes que j'accomplis en tant qu'administrateur des biens, selon l'article statutaire donné ?",1389
270,Vous avez signé une convention de recours à la médiation pour résoudre un différend de consommation. Est-ce que le processus de médiation est obligatoire avant de saisir un tribunal pour ce litige de consommation ?,21495
271,J'ai subi un accident du travail nécessitant une évacuation rapide. L'employeur est-il légalement tenu de mettre en place des mesures d'évacuation pour assurer ma sécurité en cas d'incident similaire à l'article I.2-7 ?,21496
272,Un parent a demandé la saisie ou la cession de revenus et doit prouver la qualité d'enfant à charge. Les paiements réguliers d'une part contributive inférieure au montant insaisissable postulé peuvent-ils être considérés comme suffisants pour établir la qualité d'enfant à charge selon l'article cité ?,5731
273,Je souhaite déposer une demande de règlement extrajudiciaire d'un litige de consommation. Est-ce que le traitement de ma demande par le Service de médiation pour le consommateur sera gratuit selon la loi en vigueur ?,941
274,Un mineur souhaite déposer une plainte pour un litige de consommation. Est-ce que le service de médiation pour le consommateur traite également les litiges impliquant des mineurs gratuitement ?,5954
275,Vous héritez en tant que cohéritier. Êtes-vous légalement tenu de contribuer au paiement des dettes et charges de la succession en proportion de ce que vous prenez ?,1768
276,Un bail a été conclu pour une durée supérieure à neuf ans. Est-ce que le bail peut être prorogé automatiquement si aucune partie n'a notifié un congé six mois avant l'échéance ?,859
277,"Un bailleur vend une propriété louée. Est-ce que l'acquéreur peut expulser le locataire sans bail authentique ou dont la date est certaine à Bruxelles-Capitale, s'il ne s'est pas réservé ce droit dans le contrat de bail ?",2514
278,"Je veux saisir les juridictions belges pour des mesures d'urgence. Les juridictions belges peuvent-elles prendre des mesures provisoires concernant des personnes ou des biens situés en Belgique en cas d'urgence, même si ce n'est pas leur compétence habituelle ?",15962
279,"Après mon divorce, je cherche à protéger mes biens immobiliers. Pouvez-vous m'expliquer comment fonctionne l'interdiction d'aliéner ou d'hypothéquer des biens en cas de mesures urgentes et provisoires selon l'article de loi mentionné ?",5482
280,Je suis employeur et je vais construire un nouveau bâtiment pour mon entreprise. Suis-je tenu de respecter les dispositions concernant la sécurité en cas d'incendie énoncées dans l'article § 1er de la loi en matière de construction du bâtiment ?,21511
281,Je suis travailleur dans une entreprise belge. Suis-je obligé de participer aux exercices d'évacuation organisés au moins une fois par an selon l'article §1er de la loi en vigueur ?,21516
282,J'ai décidé de me séparer de mon colocataire actuel. Est-ce que je peux être expulsé si je ne fournis pas de garantie suffisante pour le loyer ?,2524
283,"Un locataire est expulsé d'un appartement sans préavis. Le bailleur est-il tenu de verser une indemnité équivalant au montant du loyer pendant la période de préavis après l'expulsion, selon l'article statutaire donné ?",2516
284,"Je suis en train de créer une entreprise à Bruxelles et j'ai besoin d'une autorisation de déroger pour certaines activités. Est-ce que je peux demander une prorogation pour circonstances exceptionnelles si je ne parviens pas à déposer une nouvelle demande un mois avant l'expiration de mon autorisation actuelle, comme le stipule l'article statutaire mentionné ?",21715
285,"Je travaille pour une entreprise qui vend des biens de consommation en Belgique. Est-ce que je peux demander une prorogation pour circonstances exceptionnelles à Bruxelles pour une affaire en cours de traitement par le médiateur pour le consommateur, sans payer de frais supplémentaires ?",419
286,Mon fils de 15 ans souhaite suivre une formation professionnelle non reconnue par la Communauté française. Dois-je informer les services du Gouvernement de ce choix avant le 1er octobre ?,11469
287,Un litige de consommation est survenu entre un consommateur et un commerçant en Belgique. Le Service de médiation pour le consommateur peut-il traiter gratuitement cette affaire de règlement extrajudiciaire des litiges de consommation ?,1292
288,"Une entreprise a contesté une décision de règlement amiable de dettes. Qui doit adresser les informations relatives à la révocation de cette décision au fichier des avis, selon l'article mentionné ?",5668
289,Je cherche des recours pour régler un litige de consommation en Belgique. Est-il gratuit de recourir au Service de médiation pour le consommateur pour régler ce litige ?,5669
290,Une entreprise a refusé de répondre à ma réclamation. Est-il obligatoire pour l'entreprise de participer à une médiation gratuite pour traiter ma réclamation en matière de litige de consommation ?,881
291,Un état des lieux intermédiaire doit être effectué en cas de départ anticipé d'un colocataire. Est-ce que le pacte de colocation prévoit une répartition des frais de réparation locative entre les colocataires ?,882
292,Mon voisin conteste la maternité de son enfant. Peut-il contester la maternité en dehors du délai prévu par la loi ?,1139
293,Un individu découvre qu'il pourrait ne pas être le père biologique de l'enfant dont il a la charge. Qui doit être appelé à la cause en cas d'action en recherche de paternité selon l'article donné ?,1140
294,Je suis en conflit avec une entreprise en tant que consommateur. Le médiateur pour le consommateur peut-il traiter mon litige gratuitement ?,4754
295,Je découvre un différend de consommation avec une entreprise. Puis-je faire appel au Service de médiation pour le consommateur pour régler ce litige sans frais ?,5438
296,Un employeur refuse de me payer mes heures supplémentaires. Est-ce que je peux obtenir une assistance juridique gratuite pour régler ce litige de consommation avec mon employeur en Belgique ?,8103
297,Suite à un dommage causé par une calamité agricole en Région wallonne. Dois-je obligatoirement assurer mes biens agricoles pour pouvoir bénéficier de l'aide financière du Gouvernement pour la réparation du dommage direct matériel causé par la calamité agricole ?,11155
298,Je souhaite louer un bien immobilier en Wallonie. Dois-je respecter des critères spécifiques pour obtenir un permis de location dans cette région ?,874
299,Un individu a soumis une demande de licence pour son entreprise. Est-il obligatoire pour le demandeur de fournir des renseignements utiles lors de la demande de licence conformément à l'article statutaire donné ?,3283
300,Un certificat de signature électronique inclut un pseudonyme. Le prestataire de services de confiance est-il autorisé à divulguer des informations sur l'identité du titulaire en cas de demande des autorités compétentes pour la recherche d'infractions ?,15352
301,J'ai acheté un produit défectueux en France et je souhaite obtenir une compensation. Puis-je demander un règlement extrajudiciaire de mon litige de consommation auprès du Service de médiation pour le consommateur en tant que consommateur étranger ?,1389
302,"Contexte: Un locataire a reçu une lettre de son propriétaire l'informant qu'il n'a pas le droit d'héberger des amis dans son appartement à Bruxelles.

Question: Le propriétaire peut-il légalement interdire au locataire d'héberger des amis dans son appartement à Bruxelles selon la loi en vigueur?",22446
303,"Je suis un locataire dans la région de Bruxelles-Capitale et je souhaite vendre le bien loué. Est-ce que je dois informer mon locataire lors de la vente du bien s'il veut user de la faculté d'expulser le locataire, conformément à la loi ou à la convention?",2519
304,Un créancier alimentaire souhaite modifier les modalités de paiement des aliments dus par le débiteur. Le débiteur peut-il refuser la demande de modification des conditions de versement des aliments ?,16030
305,J'ai acheté un produit défectueux en Belgique. Puis-je demander la médiation du Service de médiation pour le consommateur pour régler le litige sans frais ?,5684
306,J'ai obtenu une aide juridique pour un litige de consommation. Dois-je payer des frais pour le traitement de mon litige par le Service de médiation pour le consommateur ?,4512
307,Je suis parties impliquées dans un litige de consommation. Le service de médiation pour le consommateur peut-il traiter notre litige gratuitement ?,8103
308,Une entreprise refuse de résoudre un litige de consommation directement avec moi. Est-ce que je peux recourir gratuitement au service de médiation pour le consommateur pour régler ce différend ?,1144
309,Le médiateur a reçu ma demande de règlement d'un litige de consommation. Dois-je assister à une audience en personne pour régler ce litige par le biais du Service de médiation pour le consommateur ?,1281
310,"Un mineur souhaite faire une donation à son époux majeur. Peut-il le faire seul, sans assistance ou autorisation de ses parents ou du tribunal ?",1979
311,Je souhaite recourir à la médiation pour résoudre un litige de consommation en Belgique. La médiation pour les litiges de consommation est-elle gratuite en Belgique ?,5731
312,Ma colocataire souhaite mettre fin au bail que nous partageons à Bruxelles. Peut-elle résilier le bail avant l'échéance sans mon consentement selon l'article relatif à la colocation anticipée du bail à Bruxelles ?,881
313,"Deux colocataires ont établi un pacte de colocation à Bruxelles. Est-il nécessaire de procéder à un état des lieux intermédiaire en cas de départ anticipé d'un colocataire, selon l'article Pacte de colocation ?",882
314,Un litige de consommation est survenu et je souhaite le régler de manière extrajudiciaire. Est-ce que le traitement de ma demande par le Service de médiation pour le consommateur est gratuit ?,2477
315,Un consommateur belge souhaite régler un litige avec une entreprise par le biais du service de médiation pour le consommateur. L'entreprise est-elle obligée de participer au processus de médiation sans frais ?,5560
316,"Je souhaite clôturer la liquidation d'une ASBL en Belgique. Lors de la publication de la clôture de la liquidation, suis-je tenu de mentionner l'endroit où les livres et documents sociaux seront conservés pendant au moins cinq ans ?",19926
317,J'ai reçu un décompte de charges deux ans après la fin de mon bail en Wallonie. Suis-je tenu de payer les charges mentionnées dans ce décompte après un tel délai ?,845
318,"Un couple a décidé de vivre en cohabitation légale. Les cohabitants légaux doivent-ils contribuer également aux charges de la vie commune, peu importe leurs facultés respectives ?",2334
319,"Mon partenaire et moi souhaitons devenir cohabitants légaux. En cas de décès de l'un d'entre nous, les dispositions successorales s'appliquent-elles automatiquement selon le statut de cohabitant légal ?",2331
320,"Je souhaite participer à une séance de médiation avec une entreprise en Belgique. Est-ce que le traitement de la demande de règlement extrajudiciaire de litiges de consommation par le Service de médiation pour le consommateur est gratuit, même si l'entreprise est basée en Belgique ?",5087
321,J'ai engagé des démarches pour résoudre un litige de consommation avec une entreprise située en Belgique. Le service de médiation pour le consommateur peut-il traiter mon litige sans que j'aie à payer de frais ?,3792
322,Une entreprise belge refuse de rembourser un achat défectueux. La médiation pour le consommateur peut-elle contraindre l'entreprise à rembourser sans frais ?,778
323,Un consommateur souhaite régler un litige. Le Service de médiation pour le consommateur peut-il exiger des frais pour traiter ce litige conformément à l'article du Code de Droit Économique ?,15913
324,Est-il nécessaire d'établir la paternité pour bénéficier de certains droits parentaux? Doit-on toujours établir la paternité conformément aux articles 315 ou 317 pour bénéficier de ces droits?,6632
325,Une personne a vandalisé ma propriété et je veux demander réparation. Est-ce que la loi exige que je fasse une déclaration officielle de plainte pour demander réparation pour le vandalisme commis sur ma propriété ?,2001
326,J'ai soumis une demande de règlement extrajudiciaire d'un litige de consommation au Service de médiation pour le consommateur. Quelle autorité a le pouvoir de traiter ma demande de règlement extrajudiciaire de litige de consommation selon la loi en vigueur ?,13544
327,Vous avez signé un contrat avec un service de médiation pour le consommateur en Belgique Est-ce que le règlement extrajudiciaire des litiges de consommation sera gratuit pour le litige impliquant ce service de médiation pour le consommateur ?,22582
328,Mon entreprise est impliquée dans un litige de consommation. Puis-je demander une médiation gratuite auprès du Service de médiation pour le consommateur pour régler ce litige?,16010
329,Mon entreprise et un client ont un litige de consommation. Est-ce que le Service de médiation pour le consommateur peut traiter notre litige gratuitement ?,1083
330,"Vous avez signé un contrat de location pour une maison meublée mais n'avez pas fourni de garanties de paiement. Êtes-vous légalement obligé de fournir des sûretés pour garantir le paiement du loyer, selon l'article statutaire mentionné ?",2524
331,Nous avons conclu un pacte de colocation. Un colocataire part avant la fin du bail. Devons-nous suivre les dispositions du pacte pour déterminer le paiement du loyer en cas de départ anticipé d'un colocataire ?,882
332,Je reçois un jugement du tribunal de la famille avec lequel je ne suis pas d'accord. Puis-je contester la décision du tribunal de la famille et demander une révision de celle-ci ?,5499
333,"Je me trouve en litige avec une entreprise concernant un produit acheté. Est-il obligatoire de passer par le Service de médiation pour le consommateur pour résoudre ce litige de consommation, ou puis-je choisir une autre méthode de résolution ?",1129
334,Je veux faire une réclamation contre une entreprise pour un litige. Est-ce que le Service de médiation pour le consommateur peut traiter ma réclamation gratuitement en Belgique ?,17950
335,J'examine un document pour une présentation de candidature. Est-il illégal d'apposer la signature d'une autre personne sur des documents relatifs à la candidature ?,17949
336,Je suis impliqué dans un litige de consommation avec une entreprise. Quelles sont les compétences du Service de médiation pour le consommateur en Belgique pour régler ce type de litiges ?,1017
337,J'ai reçu une citation à comparaître devant le tribunal de la famille. Suis-je tenu de payer des frais pour la procédure judiciaire relative à l'établissement de la filiation paternelle dans ce cas ?,2262
338,Vous souhaitez obtenir une indemnisation pour un dommage de consommation. Est-ce que le Service de médiation pour le consommateur peut traiter votre demande gratuitement ?,8940
339,Un litige de consommation survient concernant un produit défectueux. Le traitement de ce litige par le Service de médiation pour le consommateur est-il gratuit ?,8724
340,"Je dirige une entreprise qui offre des services à des bénéficiaires. Mon assurance doit-elle couvrir les activités collectives qui se déroulent dans les locaux de mon service, conformément à la loi ?",8046
341,Mon locataire a endommagé gravement un bien qui lui avait été prêté. Puis-je réclamer des dommages-intérêts en vertu de l'article statutaire mentionné ?,2595
342,Vous êtes un salarié en litige avec un commerçant. Puis-je demander gratuitement l'intervention du Service de médiation pour le consommateur pour régler ce litige à l'amiable ?,21092
343,J'ai acheté un produit défectueux et j'aimerais obtenir un remboursement. Est-ce que le médiateur pour le consommateur peut m'aider à régler ce litige gratuitement selon l'article de loi mentionné ?,18547
344,Je suis impliqué dans une affaire judiciaire comme accusé. Ai-je le droit de demander une copie du dossier gratuitement en tant qu'accusé selon la loi en vigueur ?,13558
345,J'ai acheté un produit défectueux en ligne et je souhaite engager une médiation pour résoudre le litige. Est-ce que le Service de médiation pour le consommateur peut traiter gratuitement ma demande de règlement extrajudiciaire ?,16610
346,Je veux contester une décision concernant la gestion de mes biens. Puis-je choisir un autre administrateur pour mes biens selon l'article statutaire donné ?,1450
347,"Dans le cadre d'une fondation qui souhaite effectuer une transformation transfrontalière, la décision doit respecter certaines règles concernant la présence et les majorités des administrateurs. Est-ce que la proposition de transformation transfrontalière nécessite l'accord des quatre cinquièmes des voix des administrateurs conformément à l'article mentionné ?",20857
