"","synthetic_question","article_ids","prompt"
0,"[Contexte] Je reçois une participation bénéficiaire de mon entreprise pour l'année en cours. [Question] Dois-je payer une taxe sur le montant total de cette participation bénéficiaire ?",22312,"You will be given one belgian statutory law article in French and a wrong question that the answer of question is not in the given statutory article.

Your task is to ask a relevant question in French that can be answered by the given statutory law article.

Your relevant question should contain the context or information about a situation that establishes the basis for the question.

Your relevant question should not be longer than 100 words.

Your relevant question should have 60% of probability of being a yes/no question, 20% of probability of being a what/which question, 20% of probability of being other type of questions such as how/who/when,etc.

Here are some examples:

Statutory Law Article: Le traitement d'une demande de rÃ¨glement extrajudiciaire d'un litige de consommation par le Service de mÃ©diation pour le consommateur est gratuit.,federal,Code de Droit Economique,RÃ¨glement extrajudiciaire des litiges de consommation,,: le service de mÃ©diation pour le consommateur,CompÃ©tences,Le rÃ¨glement extrajudiciaire des litiges de consommation,Traitement des litiges de consommation,""RÃ¨glement extrajudiciaire des litiges de consommation, : le service de mÃ©diation pour le consommateur, CompÃ©tences, Le rÃ¨glement extrajudiciaire des litiges de consommation, Traitement des litiges de consommation

Wrong Question: Je suis travailleur salariÃ©(e). Dois-je signaler ma grossesse Ã  l'entretien d'embauche ?

Relevant Question [French]: [context] Je dÃ©pose plainte auprÃ¨s d'un mÃ©diateur. L'entreprise est situÃ©e en Belgique. [question] Dois-je payer pour dÃ©poser plainte devant le mÃ©diateur pour le consommateur ?

Statutory Law Article: Lorsque la paternitÃ© n'est pas Ã©tablie, ni en vertu des articles 315 ou 317, ni par une reconnaissance, et que la comaternitÃ© visÃ©e au chapitre 2\/1 n'est pas non plus Ã©tablie, elle peut l'Ãªtre par un jugement prononcÃ© par le tribunal de la famille, aux conditions fixÃ©es Ã  l'article 332quinquies.Si le dÃ©fendeur est mariÃ© et si l'enfant a Ã©tÃ© conÃ§u pendant le mariage par une femme dont il n'est pas l'Ã©poux, le jugement qui Ã©tablit la filiation doit Ãªtre signifiÃ© Ã  l'Ã©poux ou Ã  l'Ã©pouse. Jusqu'Ã  cette signification, il n'est opposable ni Ã  l'Ã©poux ou l'Ã©pouse, ni aux enfants nÃ©s du mariage avec le dÃ©fendeur ou adoptÃ©s par les deux Ã©poux.

Wrong Question: Je me sÃ©pare. En tant que cohabitants lÃ©gaux, quelles mesures peut prendre le juge de la famille pour nos biens et nos dettes ?

Relevant Question [French]: [context] Les parents ne sont pas mariÃ©s ensemble. [question] Peut-on m'obliger Ã  Ã©tablir un lien de filiation avec mon enfant si ni moi ni la mÃ¨re ne sommes mariÃ©s ?

Now it is your turn:

Statutory Law Article: La taxe exigible est calculée sur le montant total des sommes réparties à titre de participation bénéficiaire pour l'année d'imposition.alinéa 2 abrogé

Wrong Question: Peut-on saisir tous mes revenus ?

Relevant Question [French]:"
1,"[Contexte] Je suis responsable des finances d'une organisation publique en Belgique. [Question] Doit-on inclure les moins-values et les dépréciations d'actif constatées en dehors des imputations budgétaires dans le compte des variations du patrimoine ?",9531,"You will be given one belgian statutory law article in French and a wrong question that the answer of question is not in the given statutory article.

Your task is to ask a relevant question in French that can be answered by the given statutory law article.

Your relevant question should contain the context or information about a situation that establishes the basis for the question.

Your relevant question should not be longer than 100 words.

Your relevant question should have 60% of probability of being a yes/no question, 20% of probability of being a what/which question, 20% of probability of being other type of questions such as how/who/when,etc.

Here are some examples:

Statutory Law Article: Le traitement d'une demande de rÃ¨glement extrajudiciaire d'un litige de consommation par le Service de mÃ©diation pour le consommateur est gratuit.,federal,Code de Droit Economique,RÃ¨glement extrajudiciaire des litiges de consommation,,: le service de mÃ©diation pour le consommateur,CompÃ©tences,Le rÃ¨glement extrajudiciaire des litiges de consommation,Traitement des litiges de consommation,""RÃ¨glement extrajudiciaire des litiges de consommation, : le service de mÃ©diation pour le consommateur, CompÃ©tences, Le rÃ¨glement extrajudiciaire des litiges de consommation, Traitement des litiges de consommation

Wrong Question: Je suis travailleur salariÃ©(e). Dois-je signaler ma grossesse Ã  l'entretien d'embauche ?

Relevant Question [French]: [context] Je dÃ©pose plainte auprÃ¨s d'un mÃ©diateur. L'entreprise est situÃ©e en Belgique. [question] Dois-je payer pour dÃ©poser plainte devant le mÃ©diateur pour le consommateur ?

Statutory Law Article: Lorsque la paternitÃ© n'est pas Ã©tablie, ni en vertu des articles 315 ou 317, ni par une reconnaissance, et que la comaternitÃ© visÃ©e au chapitre 2\/1 n'est pas non plus Ã©tablie, elle peut l'Ãªtre par un jugement prononcÃ© par le tribunal de la famille, aux conditions fixÃ©es Ã  l'article 332quinquies.Si le dÃ©fendeur est mariÃ© et si l'enfant a Ã©tÃ© conÃ§u pendant le mariage par une femme dont il n'est pas l'Ã©poux, le jugement qui Ã©tablit la filiation doit Ãªtre signifiÃ© Ã  l'Ã©poux ou Ã  l'Ã©pouse. Jusqu'Ã  cette signification, il n'est opposable ni Ã  l'Ã©poux ou l'Ã©pouse, ni aux enfants nÃ©s du mariage avec le dÃ©fendeur ou adoptÃ©s par les deux Ã©poux.

Wrong Question: Je me sÃ©pare. En tant que cohabitants lÃ©gaux, quelles mesures peut prendre le juge de la famille pour nos biens et nos dettes ?

Relevant Question [French]: [context] Les parents ne sont pas mariÃ©s ensemble. [question] Peut-on m'obliger Ã  Ã©tablir un lien de filiation avec mon enfant si ni moi ni la mÃ¨re ne sommes mariÃ©s ?

Now it is your turn:

Statutory Law Article: § 1er. Le compte des variations du patrimoine est présenté sous forme de tableaux regroupant les éléments enregistrés dans les comptes ouverts.§ 2. Il comprend :1° les sommes représentant les accroissements d'actif et les diminutions de passif qui sont la contrepartie des dépenses imputées sur le budget;2° les plus-values et les autres augmentations d'actif constatées, en dehors de toute imputation budgétaire;3° les sommes représentant les diminutions d'actif ou les augmentations de passif qui sont la contrepartie des recettes imputées sur le budget;4° les moins-values, les dépréciations, les disparitions d'actif ou les accroissements de passif constatés en dehors de toute imputation budgétaire.§ 3. Les opérations sont récapitulées en groupant en colonnes différentes, celles qui font l'objet d'une imputation sur le budget et celles qui sont constatées, en dehors de toute imputation budgétaire.§ 4. La différence entre les accroissements et les diminutions forme le résultat de variations du patrimoine de l'année.Celui-ci, cumulé avec les résultats des années antérieures, forme le compte général des variations du patrimoine.§ 5. La comparaison du bilan de l'année avec celui de l'année précédente indique le résultat des variations du patrimoine du centre intervenues pendant l'année.

Wrong Question: Peut-on saisir tous mes revenus ?

Relevant Question [French]:"
2,"[context] Un époux souhaite déterminer quels revenus doivent être considérés comme communs dans le cadre de son régime matrimonial. [question] Les revenus provenant de l'exercice de mandats publics ou privés sont-ils considérés comme des biens communs selon l'article stipulé ?",2247,"You will be given one belgian statutory law article in French and a wrong question that the answer of question is not in the given statutory article.

Your task is to ask a relevant question in French that can be answered by the given statutory law article.

Your relevant question should contain the context or information about a situation that establishes the basis for the question.

Your relevant question should not be longer than 100 words.

Your relevant question should have 60% of probability of being a yes/no question, 20% of probability of being a what/which question, 20% of probability of being other type of questions such as how/who/when,etc.

Here are some examples:

Statutory Law Article: Le traitement d'une demande de rÃ¨glement extrajudiciaire d'un litige de consommation par le Service de mÃ©diation pour le consommateur est gratuit.,federal,Code de Droit Economique,RÃ¨glement extrajudiciaire des litiges de consommation,,: le service de mÃ©diation pour le consommateur,CompÃ©tences,Le rÃ¨glement extrajudiciaire des litiges de consommation,Traitement des litiges de consommation,""RÃ¨glement extrajudiciaire des litiges de consommation, : le service de mÃ©diation pour le consommateur, CompÃ©tences, Le rÃ¨glement extrajudiciaire des litiges de consommation, Traitement des litiges de consommation

Wrong Question: Je suis travailleur salariÃ©(e). Dois-je signaler ma grossesse Ã  l'entretien d'embauche ?

Relevant Question [French]: [context] Je dÃ©pose plainte auprÃ¨s d'un mÃ©diateur. L'entreprise est situÃ©e en Belgique. [question] Dois-je payer pour dÃ©poser plainte devant le mÃ©diateur pour le consommateur ?

Statutory Law Article: Lorsque la paternitÃ© n'est pas Ã©tablie, ni en vertu des articles 315 ou 317, ni par une reconnaissance, et que la comaternitÃ© visÃ©e au chapitre 2\/1 n'est pas non plus Ã©tablie, elle peut l'Ãªtre par un jugement prononcÃ© par le tribunal de la famille, aux conditions fixÃ©es Ã  l'article 332quinquies.Si le dÃ©fendeur est mariÃ© et si l'enfant a Ã©tÃ© conÃ§u pendant le mariage par une femme dont il n'est pas l'Ã©poux, le jugement qui Ã©tablit la filiation doit Ãªtre signifiÃ© Ã  l'Ã©poux ou Ã  l'Ã©pouse. Jusqu'Ã  cette signification, il n'est opposable ni Ã  l'Ã©poux ou l'Ã©pouse, ni aux enfants nÃ©s du mariage avec le dÃ©fendeur ou adoptÃ©s par les deux Ã©poux.

Wrong Question: Je me sÃ©pare. En tant que cohabitants lÃ©gaux, quelles mesures peut prendre le juge de la famille pour nos biens et nos dettes ?

Relevant Question [French]: [context] Les parents ne sont pas mariÃ©s ensemble. [question] Peut-on m'obliger Ã  Ã©tablir un lien de filiation avec mon enfant si ni moi ni la mÃ¨re ne sommes mariÃ©s ?

Now it is your turn:

Statutory Law Article: § 1er. Sont communs :1. les revenus de l'activité professionnelle de chacun des époux, tous revenus ou indemnités en tenant lieu ou les complétant, ainsi que les revenus provenant de l'exercice de mandats publics ou privés; l'indemnité de préavis et autres prestations auxquelles a droit un époux en raison de la rupture de son contrat de travail, pour la part de celle-ci correspondant au délai de préavis qui court pendant le régime;2. les fruits, revenus, intérêts de leurs biens propres;3. les biens donnés ou légués aux deux époux conjointement ou à l'un d'eux avec stipulation que ces biens seront communs;4. l'indemnité payée à un époux en réparation d'un dommage, dans la mesure où cette indemnité vise à réparer son incapacité ménagère ou économique durant le régime;5. la valeur patrimoniale des parts ou actions de société visées à l'article 1401, § 1er, 5;6. la valeur patrimoniale des biens professionnels qui ont été acquis par un des époux avec des fonds communs, si le droit à ces biens professionnels est propre en vertu de l'article 1401, § 1er, 6;7. la valeur économique de la clientèle qui a été constituée pendant le régime par un des époux dans le cadre de l'exercice de sa profession ou de l'exploitation de son entreprise, si le droit à cette clientèle est propre en vertu de l'article 1401, § 1er, 7;8. la prestation d'assurance liée à un contrat d'assurance sur la vie individuel qui a été conclu par un des époux pendant le régime, lorsqu'elle est due à un des époux pendant le régime. Si la prestation est versée sous forme de capital, la totalité de son montant est commune. Si la prestation est payée sous la forme d'une rente, sont communs les montants de la rente payés pendant le régime ainsi que la réserve qui correspond aux rentes encore dues après la dissolution du régime.§ 2. Sont également communs tous les biens dont il n'est pas prouvé qu'ils sont propres à l'un des époux par application d'une disposition de la loi.

Wrong Question: Peut-on saisir tous mes revenus ?

Relevant Question [French]:"
3,"[Contexte] Deux époux se marient sans stipulation particulière dans leur contrat. [Question] Est-ce que l'époux qui apporte des biens non spécifiquement identifiés dans le patrimoine commun conserve le droit de gestion sur ces biens en vertu de l'article 1425 ?",2296,"You will be given one belgian statutory law article in French and a wrong question that the answer of question is not in the given statutory article.

Your task is to ask a relevant question in French that can be answered by the given statutory law article.

Your relevant question should contain the context or information about a situation that establishes the basis for the question.

Your relevant question should not be longer than 100 words.

Your relevant question should have 60% of probability of being a yes/no question, 20% of probability of being a what/which question, 20% of probability of being other type of questions such as how/who/when,etc.

Here are some examples:

Statutory Law Article: Le traitement d'une demande de rÃ¨glement extrajudiciaire d'un litige de consommation par le Service de mÃ©diation pour le consommateur est gratuit.,federal,Code de Droit Economique,RÃ¨glement extrajudiciaire des litiges de consommation,,: le service de mÃ©diation pour le consommateur,CompÃ©tences,Le rÃ¨glement extrajudiciaire des litiges de consommation,Traitement des litiges de consommation,""RÃ¨glement extrajudiciaire des litiges de consommation, : le service de mÃ©diation pour le consommateur, CompÃ©tences, Le rÃ¨glement extrajudiciaire des litiges de consommation, Traitement des litiges de consommation

Wrong Question: Je suis travailleur salariÃ©(e). Dois-je signaler ma grossesse Ã  l'entretien d'embauche ?

Relevant Question [French]: [context] Je dÃ©pose plainte auprÃ¨s d'un mÃ©diateur. L'entreprise est situÃ©e en Belgique. [question] Dois-je payer pour dÃ©poser plainte devant le mÃ©diateur pour le consommateur ?

Statutory Law Article: Lorsque la paternitÃ© n'est pas Ã©tablie, ni en vertu des articles 315 ou 317, ni par une reconnaissance, et que la comaternitÃ© visÃ©e au chapitre 2\/1 n'est pas non plus Ã©tablie, elle peut l'Ãªtre par un jugement prononcÃ© par le tribunal de la famille, aux conditions fixÃ©es Ã  l'article 332quinquies.Si le dÃ©fendeur est mariÃ© et si l'enfant a Ã©tÃ© conÃ§u pendant le mariage par une femme dont il n'est pas l'Ã©poux, le jugement qui Ã©tablit la filiation doit Ãªtre signifiÃ© Ã  l'Ã©poux ou Ã  l'Ã©pouse. Jusqu'Ã  cette signification, il n'est opposable ni Ã  l'Ã©poux ou l'Ã©pouse, ni aux enfants nÃ©s du mariage avec le dÃ©fendeur ou adoptÃ©s par les deux Ã©poux.

Wrong Question: Je me sÃ©pare. En tant que cohabitants lÃ©gaux, quelles mesures peut prendre le juge de la famille pour nos biens et nos dettes ?

Relevant Question [French]: [context] Les parents ne sont pas mariÃ©s ensemble. [question] Peut-on m'obliger Ã  Ã©tablir un lien de filiation avec mon enfant si ni moi ni la mÃ¨re ne sommes mariÃ©s ?

Now it is your turn:

Statutory Law Article: Sauf stipulation contraire dans le contrat de mariage, l'époux qui fait entrer dans le patrimoine commun une quotité de ses biens présents ou futurs sans les déterminer individuellement, conserve sur eux les pouvoirs de gestion que lui attribue l'article 1425.

Wrong Question: Peut-on saisir tous mes revenus ?

Relevant Question [French]:"
4,"[context] Deux époux se séparent et l'un d'eux bénéficie d'un préciput. [question] Les biens inclus dans le préciput peuvent-ils être saisis pour payer les dettes communes en cas d'aliénation par l'un des époux ?",2299,"You will be given one belgian statutory law article in French and a wrong question that the answer of question is not in the given statutory article.

Your task is to ask a relevant question in French that can be answered by the given statutory law article.

Your relevant question should contain the context or information about a situation that establishes the basis for the question.

Your relevant question should not be longer than 100 words.

Your relevant question should have 60% of probability of being a yes/no question, 20% of probability of being a what/which question, 20% of probability of being other type of questions such as how/who/when,etc.

Here are some examples:

Statutory Law Article: Le traitement d'une demande de rÃ¨glement extrajudiciaire d'un litige de consommation par le Service de mÃ©diation pour le consommateur est gratuit.,federal,Code de Droit Economique,RÃ¨glement extrajudiciaire des litiges de consommation,,: le service de mÃ©diation pour le consommateur,CompÃ©tences,Le rÃ¨glement extrajudiciaire des litiges de consommation,Traitement des litiges de consommation,""RÃ¨glement extrajudiciaire des litiges de consommation, : le service de mÃ©diation pour le consommateur, CompÃ©tences, Le rÃ¨glement extrajudiciaire des litiges de consommation, Traitement des litiges de consommation

Wrong Question: Je suis travailleur salariÃ©(e). Dois-je signaler ma grossesse Ã  l'entretien d'embauche ?

Relevant Question [French]: [context] Je dÃ©pose plainte auprÃ¨s d'un mÃ©diateur. L'entreprise est situÃ©e en Belgique. [question] Dois-je payer pour dÃ©poser plainte devant le mÃ©diateur pour le consommateur ?

Statutory Law Article: Lorsque la paternitÃ© n'est pas Ã©tablie, ni en vertu des articles 315 ou 317, ni par une reconnaissance, et que la comaternitÃ© visÃ©e au chapitre 2\/1 n'est pas non plus Ã©tablie, elle peut l'Ãªtre par un jugement prononcÃ© par le tribunal de la famille, aux conditions fixÃ©es Ã  l'article 332quinquies.Si le dÃ©fendeur est mariÃ© et si l'enfant a Ã©tÃ© conÃ§u pendant le mariage par une femme dont il n'est pas l'Ã©poux, le jugement qui Ã©tablit la filiation doit Ãªtre signifiÃ© Ã  l'Ã©poux ou Ã  l'Ã©pouse. Jusqu'Ã  cette signification, il n'est opposable ni Ã  l'Ã©poux ou l'Ã©pouse, ni aux enfants nÃ©s du mariage avec le dÃ©fendeur ou adoptÃ©s par les deux Ã©poux.

Wrong Question: Je me sÃ©pare. En tant que cohabitants lÃ©gaux, quelles mesures peut prendre le juge de la famille pour nos biens et nos dettes ?

Relevant Question [French]: [context] Les parents ne sont pas mariÃ©s ensemble. [question] Peut-on m'obliger Ã  Ã©tablir un lien de filiation avec mon enfant si ni moi ni la mÃ¨re ne sommes mariÃ©s ?

Now it is your turn:

Statutory Law Article: Les biens faisant l'objet du préciput peuvent être saisis pour le payement des dettes communes, sauf, lorsque le préciput porte sur des biens en nature, le recours de l'époux bénéficiaire sur le reste du patrimoine commun.Pareil recours peut également être exercé en cas d'aliénation par un des époux d'un bien en nature, objet du préciput.

Wrong Question: Peut-on saisir tous mes revenus ?

Relevant Question [French]:"
5,"[context] En cas de séparation, un époux a utilisé des biens propres de l'autre sans remboursement. [question] Est-ce que l'obligation de récompense s'applique lorsque des biens propres d'un époux sont utilisés dans le patrimoine commun sans compensation ?",2277,"You will be given one belgian statutory law article in French and a wrong question that the answer of question is not in the given statutory article.

Your task is to ask a relevant question in French that can be answered by the given statutory law article.

Your relevant question should contain the context or information about a situation that establishes the basis for the question.

Your relevant question should not be longer than 100 words.

Your relevant question should have 60% of probability of being a yes/no question, 20% of probability of being a what/which question, 20% of probability of being other type of questions such as how/who/when,etc.

Here are some examples:

Statutory Law Article: Le traitement d'une demande de rÃ¨glement extrajudiciaire d'un litige de consommation par le Service de mÃ©diation pour le consommateur est gratuit.,federal,Code de Droit Economique,RÃ¨glement extrajudiciaire des litiges de consommation,,: le service de mÃ©diation pour le consommateur,CompÃ©tences,Le rÃ¨glement extrajudiciaire des litiges de consommation,Traitement des litiges de consommation,""RÃ¨glement extrajudiciaire des litiges de consommation, : le service de mÃ©diation pour le consommateur, CompÃ©tences, Le rÃ¨glement extrajudiciaire des litiges de consommation, Traitement des litiges de consommation

Wrong Question: Je suis travailleur salariÃ©(e). Dois-je signaler ma grossesse Ã  l'entretien d'embauche ?

Relevant Question [French]: [context] Je dÃ©pose plainte auprÃ¨s d'un mÃ©diateur. L'entreprise est situÃ©e en Belgique. [question] Dois-je payer pour dÃ©poser plainte devant le mÃ©diateur pour le consommateur ?

Statutory Law Article: Lorsque la paternitÃ© n'est pas Ã©tablie, ni en vertu des articles 315 ou 317, ni par une reconnaissance, et que la comaternitÃ© visÃ©e au chapitre 2\/1 n'est pas non plus Ã©tablie, elle peut l'Ãªtre par un jugement prononcÃ© par le tribunal de la famille, aux conditions fixÃ©es Ã  l'article 332quinquies.Si le dÃ©fendeur est mariÃ© et si l'enfant a Ã©tÃ© conÃ§u pendant le mariage par une femme dont il n'est pas l'Ã©poux, le jugement qui Ã©tablit la filiation doit Ãªtre signifiÃ© Ã  l'Ã©poux ou Ã  l'Ã©pouse. Jusqu'Ã  cette signification, il n'est opposable ni Ã  l'Ã©poux ou l'Ã©pouse, ni aux enfants nÃ©s du mariage avec le dÃ©fendeur ou adoptÃ©s par les deux Ã©poux.

Wrong Question: Je me sÃ©pare. En tant que cohabitants lÃ©gaux, quelles mesures peut prendre le juge de la famille pour nos biens et nos dettes ?

Relevant Question [French]: [context] Les parents ne sont pas mariÃ©s ensemble. [question] Peut-on m'obliger Ã  Ã©tablir un lien de filiation avec mon enfant si ni moi ni la mÃ¨re ne sommes mariÃ©s ?

Now it is your turn:

Statutory Law Article: Il est dû récompense par le patrimoine commun a concurrence des fonds propres ou provenant de l'aliénation d'un bien propre qui sont entrés dans ce patrimoine, sans qu'il y ait eu emploi ou remploi et généralement toutes les fois qu'il a tiré profit des biens propres d'un époux.

Wrong Question: Peut-on saisir tous mes revenus ?

Relevant Question [French]:"
6,"[context] Un couple marié envisage d'ouvrir un compte bancaire commun. [question] Est-ce légalement possible pour chaque époux de gérer son patrimoine propre sans interférer avec le compte commun ?",2267,"You will be given one belgian statutory law article in French and a wrong question that the answer of question is not in the given statutory article.

Your task is to ask a relevant question in French that can be answered by the given statutory law article.

Your relevant question should contain the context or information about a situation that establishes the basis for the question.

Your relevant question should not be longer than 100 words.

Your relevant question should have 60% of probability of being a yes/no question, 20% of probability of being a what/which question, 20% of probability of being other type of questions such as how/who/when,etc.

Here are some examples:

Statutory Law Article: Le traitement d'une demande de rÃ¨glement extrajudiciaire d'un litige de consommation par le Service de mÃ©diation pour le consommateur est gratuit.,federal,Code de Droit Economique,RÃ¨glement extrajudiciaire des litiges de consommation,,: le service de mÃ©diation pour le consommateur,CompÃ©tences,Le rÃ¨glement extrajudiciaire des litiges de consommation,Traitement des litiges de consommation,""RÃ¨glement extrajudiciaire des litiges de consommation, : le service de mÃ©diation pour le consommateur, CompÃ©tences, Le rÃ¨glement extrajudiciaire des litiges de consommation, Traitement des litiges de consommation

Wrong Question: Je suis travailleur salariÃ©(e). Dois-je signaler ma grossesse Ã  l'entretien d'embauche ?

Relevant Question [French]: [context] Je dÃ©pose plainte auprÃ¨s d'un mÃ©diateur. L'entreprise est situÃ©e en Belgique. [question] Dois-je payer pour dÃ©poser plainte devant le mÃ©diateur pour le consommateur ?

Statutory Law Article: Lorsque la paternitÃ© n'est pas Ã©tablie, ni en vertu des articles 315 ou 317, ni par une reconnaissance, et que la comaternitÃ© visÃ©e au chapitre 2\/1 n'est pas non plus Ã©tablie, elle peut l'Ãªtre par un jugement prononcÃ© par le tribunal de la famille, aux conditions fixÃ©es Ã  l'article 332quinquies.Si le dÃ©fendeur est mariÃ© et si l'enfant a Ã©tÃ© conÃ§u pendant le mariage par une femme dont il n'est pas l'Ã©poux, le jugement qui Ã©tablit la filiation doit Ãªtre signifiÃ© Ã  l'Ã©poux ou Ã  l'Ã©pouse. Jusqu'Ã  cette signification, il n'est opposable ni Ã  l'Ã©poux ou l'Ã©pouse, ni aux enfants nÃ©s du mariage avec le dÃ©fendeur ou adoptÃ©s par les deux Ã©poux.

Wrong Question: Je me sÃ©pare. En tant que cohabitants lÃ©gaux, quelles mesures peut prendre le juge de la famille pour nos biens et nos dettes ?

Relevant Question [French]: [context] Les parents ne sont pas mariÃ©s ensemble. [question] Peut-on m'obliger Ã  Ã©tablir un lien de filiation avec mon enfant si ni moi ni la mÃ¨re ne sommes mariÃ©s ?

Now it is your turn:

Statutory Law Article: Chaque époux a la gestion exclusive de son patrimoine propre, sans préjudice de l'article 215, § 1er.DISPOSITION COMMUNE A LA GESTION DES PATRIMOINES PROPRES ET COMMUNS.

Wrong Question: Peut-on saisir tous mes revenus ?

Relevant Question [French]:"
7,"[Contexte] Deux époux décident de se marier et optent pour la communauté universelle de biens. [Question] Est-ce que cette communauté universelle comprend tous les biens actuels et futurs des époux, à l'exception de biens à caractère personnel et de droits exclusivement attachés à la personne ?",2293,"You will be given one belgian statutory law article in French and a wrong question that the answer of question is not in the given statutory article.

Your task is to ask a relevant question in French that can be answered by the given statutory law article.

Your relevant question should contain the context or information about a situation that establishes the basis for the question.

Your relevant question should not be longer than 100 words.

Your relevant question should have 60% of probability of being a yes/no question, 20% of probability of being a what/which question, 20% of probability of being other type of questions such as how/who/when,etc.

Here are some examples:

Statutory Law Article: Le traitement d'une demande de rÃ¨glement extrajudiciaire d'un litige de consommation par le Service de mÃ©diation pour le consommateur est gratuit.,federal,Code de Droit Economique,RÃ¨glement extrajudiciaire des litiges de consommation,,: le service de mÃ©diation pour le consommateur,CompÃ©tences,Le rÃ¨glement extrajudiciaire des litiges de consommation,Traitement des litiges de consommation,""RÃ¨glement extrajudiciaire des litiges de consommation, : le service de mÃ©diation pour le consommateur, CompÃ©tences, Le rÃ¨glement extrajudiciaire des litiges de consommation, Traitement des litiges de consommation

Wrong Question: Je suis travailleur salariÃ©(e). Dois-je signaler ma grossesse Ã  l'entretien d'embauche ?

Relevant Question [French]: [context] Je dÃ©pose plainte auprÃ¨s d'un mÃ©diateur. L'entreprise est situÃ©e en Belgique. [question] Dois-je payer pour dÃ©poser plainte devant le mÃ©diateur pour le consommateur ?

Statutory Law Article: Lorsque la paternitÃ© n'est pas Ã©tablie, ni en vertu des articles 315 ou 317, ni par une reconnaissance, et que la comaternitÃ© visÃ©e au chapitre 2\/1 n'est pas non plus Ã©tablie, elle peut l'Ãªtre par un jugement prononcÃ© par le tribunal de la famille, aux conditions fixÃ©es Ã  l'article 332quinquies.Si le dÃ©fendeur est mariÃ© et si l'enfant a Ã©tÃ© conÃ§u pendant le mariage par une femme dont il n'est pas l'Ã©poux, le jugement qui Ã©tablit la filiation doit Ãªtre signifiÃ© Ã  l'Ã©poux ou Ã  l'Ã©pouse. Jusqu'Ã  cette signification, il n'est opposable ni Ã  l'Ã©poux ou l'Ã©pouse, ni aux enfants nÃ©s du mariage avec le dÃ©fendeur ou adoptÃ©s par les deux Ã©poux.

Wrong Question: Je me sÃ©pare. En tant que cohabitants lÃ©gaux, quelles mesures peut prendre le juge de la famille pour nos biens et nos dettes ?

Relevant Question [French]: [context] Les parents ne sont pas mariÃ©s ensemble. [question] Peut-on m'obliger Ã  Ã©tablir un lien de filiation avec mon enfant si ni moi ni la mÃ¨re ne sommes mariÃ©s ?

Now it is your turn:

Statutory Law Article: Lorsque les époux conviennent qu'il y aura entre eux communauté universelle, ils font entrer dans le patrimoine commun tous leurs biens présents et futurs à l'exception de ceux qui ont un caractère personnel et des droits exclusivement, attachés à la personne.La communauté universelle supporte toutes les dettes.

Wrong Question: Peut-on saisir tous mes revenus ?

Relevant Question [French]:"
8,"[context] Deux personnes sont copropriétaires d'un objet créé à partir de leurs propres matériaux. [question] Doivent-ils vendre l'objet aux enchères à des fins communes en cas de désaccord sur son utilisation ?",1487,"You will be given one belgian statutory law article in French and a wrong question that the answer of question is not in the given statutory article.

Your task is to ask a relevant question in French that can be answered by the given statutory law article.

Your relevant question should contain the context or information about a situation that establishes the basis for the question.

Your relevant question should not be longer than 100 words.

Your relevant question should have 60% of probability of being a yes/no question, 20% of probability of being a what/which question, 20% of probability of being other type of questions such as how/who/when,etc.

Here are some examples:

Statutory Law Article: Le traitement d'une demande de rÃ¨glement extrajudiciaire d'un litige de consommation par le Service de mÃ©diation pour le consommateur est gratuit.,federal,Code de Droit Economique,RÃ¨glement extrajudiciaire des litiges de consommation,,: le service de mÃ©diation pour le consommateur,CompÃ©tences,Le rÃ¨glement extrajudiciaire des litiges de consommation,Traitement des litiges de consommation,""RÃ¨glement extrajudiciaire des litiges de consommation, : le service de mÃ©diation pour le consommateur, CompÃ©tences, Le rÃ¨glement extrajudiciaire des litiges de consommation, Traitement des litiges de consommation

Wrong Question: Je suis travailleur salariÃ©(e). Dois-je signaler ma grossesse Ã  l'entretien d'embauche ?

Relevant Question [French]: [context] Je dÃ©pose plainte auprÃ¨s d'un mÃ©diateur. L'entreprise est situÃ©e en Belgique. [question] Dois-je payer pour dÃ©poser plainte devant le mÃ©diateur pour le consommateur ?

Statutory Law Article: Lorsque la paternitÃ© n'est pas Ã©tablie, ni en vertu des articles 315 ou 317, ni par une reconnaissance, et que la comaternitÃ© visÃ©e au chapitre 2\/1 n'est pas non plus Ã©tablie, elle peut l'Ãªtre par un jugement prononcÃ© par le tribunal de la famille, aux conditions fixÃ©es Ã  l'article 332quinquies.Si le dÃ©fendeur est mariÃ© et si l'enfant a Ã©tÃ© conÃ§u pendant le mariage par une femme dont il n'est pas l'Ã©poux, le jugement qui Ã©tablit la filiation doit Ãªtre signifiÃ© Ã  l'Ã©poux ou Ã  l'Ã©pouse. Jusqu'Ã  cette signification, il n'est opposable ni Ã  l'Ã©poux ou l'Ã©pouse, ni aux enfants nÃ©s du mariage avec le dÃ©fendeur ou adoptÃ©s par les deux Ã©poux.

Wrong Question: Je me sÃ©pare. En tant que cohabitants lÃ©gaux, quelles mesures peut prendre le juge de la famille pour nos biens et nos dettes ?

Relevant Question [French]: [context] Les parents ne sont pas mariÃ©s ensemble. [question] Peut-on m'obliger Ã  Ã©tablir un lien de filiation avec mon enfant si ni moi ni la mÃ¨re ne sommes mariÃ©s ?

Now it is your turn:

Statutory Law Article: Lorsque la chose reste en commun entre les propriétaires des matières dont elle a été formée, elle doit être licitée au profit commun.

Wrong Question: Peut-on saisir tous mes revenus ?

Relevant Question [French]:"
9,"[context] Deux personnes se préparent à se marier et ont acquis ensemble la pleine propriété d'un bien immeuble avant le mariage [question] Est-ce que ce bien immeuble sera considéré comme faisant partie du patrimoine commun des époux dès le mariage, même s'ils ont fait une déclaration d'apport anticipé dans l'acte d'acquisition de propriété ?",2292,"You will be given one belgian statutory law article in French and a wrong question that the answer of question is not in the given statutory article.

Your task is to ask a relevant question in French that can be answered by the given statutory law article.

Your relevant question should contain the context or information about a situation that establishes the basis for the question.

Your relevant question should not be longer than 100 words.

Your relevant question should have 60% of probability of being a yes/no question, 20% of probability of being a what/which question, 20% of probability of being other type of questions such as how/who/when,etc.

Here are some examples:

Statutory Law Article: Le traitement d'une demande de rÃ¨glement extrajudiciaire d'un litige de consommation par le Service de mÃ©diation pour le consommateur est gratuit.,federal,Code de Droit Economique,RÃ¨glement extrajudiciaire des litiges de consommation,,: le service de mÃ©diation pour le consommateur,CompÃ©tences,Le rÃ¨glement extrajudiciaire des litiges de consommation,Traitement des litiges de consommation,""RÃ¨glement extrajudiciaire des litiges de consommation, : le service de mÃ©diation pour le consommateur, CompÃ©tences, Le rÃ¨glement extrajudiciaire des litiges de consommation, Traitement des litiges de consommation

Wrong Question: Je suis travailleur salariÃ©(e). Dois-je signaler ma grossesse Ã  l'entretien d'embauche ?

Relevant Question [French]: [context] Je dÃ©pose plainte auprÃ¨s d'un mÃ©diateur. L'entreprise est situÃ©e en Belgique. [question] Dois-je payer pour dÃ©poser plainte devant le mÃ©diateur pour le consommateur ?

Statutory Law Article: Lorsque la paternitÃ© n'est pas Ã©tablie, ni en vertu des articles 315 ou 317, ni par une reconnaissance, et que la comaternitÃ© visÃ©e au chapitre 2\/1 n'est pas non plus Ã©tablie, elle peut l'Ãªtre par un jugement prononcÃ© par le tribunal de la famille, aux conditions fixÃ©es Ã  l'article 332quinquies.Si le dÃ©fendeur est mariÃ© et si l'enfant a Ã©tÃ© conÃ§u pendant le mariage par une femme dont il n'est pas l'Ã©poux, le jugement qui Ã©tablit la filiation doit Ãªtre signifiÃ© Ã  l'Ã©poux ou Ã  l'Ã©pouse. Jusqu'Ã  cette signification, il n'est opposable ni Ã  l'Ã©poux ou l'Ã©pouse, ni aux enfants nÃ©s du mariage avec le dÃ©fendeur ou adoptÃ©s par les deux Ã©poux.

Wrong Question: Je me sÃ©pare. En tant que cohabitants lÃ©gaux, quelles mesures peut prendre le juge de la famille pour nos biens et nos dettes ?

Relevant Question [French]: [context] Les parents ne sont pas mariÃ©s ensemble. [question] Peut-on m'obliger Ã  Ã©tablir un lien de filiation avec mon enfant si ni moi ni la mÃ¨re ne sommes mariÃ©s ?

Now it is your turn:

Statutory Law Article: § 1er.Les époux peuvent convenir que tout ou partie des biens présents et futurs, meubles ou immeubles, visés à l'article 1399, feront partie du patrimoine commun.1§ 2. Les futurs époux qui, avant de contracter mariage, acquièrent la pleine propriété d'un bien immeuble, peuvent, pour autant qu'ils soient, suite à cette acquisition, propriétaires indivis exclusifs et par parts égales de ce bien, faire figurer une déclaration d'apport anticipé dans l'acte d'acquisition de propriété. Du simple fait de leur mariage, ce bien immeuble fera alors partie du patrimoine commun, comme s'ils avaient stipulé l'apport dans leur convention matrimoniale.Les époux peuvent déroger à l'alinéa 1er dans leur convention matrimoniale.§ 3. Les dettes en cours au moment de l'apport et qui ont été contractées par l'époux apporteur afin d'acquérir, d'améliorer ou de conserver les biens apportés sont à charge du patrimoine commun, sous réserve de convention contraire.

Wrong Question: Peut-on saisir tous mes revenus ?

Relevant Question [French]:"
